HIERARCHY
ROOT root
{
  OFFSET 0.000000 0.000000 0.000000
  CHANNELS 6 Xposition Yposition Zposition Zrotation Yrotation Xrotation
  JOINT lhipjoint
  {
    OFFSET 0.000000 0.000000 0.000000
    CHANNELS 3 Zrotation Yrotation Xrotation
    JOINT lfemur
    {
      OFFSET 0.076955 -0.088858 0.062674
      CHANNELS 3 Zrotation Yrotation Xrotation
      JOINT ltibia
      {
        OFFSET 0.134602 -0.369817 0.000000
        CHANNELS 3 Zrotation Yrotation Xrotation
        JOINT lfoot
        {
          OFFSET 0.133867 -0.367797 0.000000
          CHANNELS 3 Zrotation Yrotation Xrotation
          JOINT ltoes
          {
            OFFSET 0.016413 -0.045094 0.113675
            CHANNELS 3 Zrotation Yrotation Xrotation
            End Site
            {
              OFFSET 0.000000 -0.000000 0.060917
            }
          }
        }
      }
    }
  }
  JOINT rhipjoint
  {
    OFFSET 0.000000 0.000000 0.000000
    CHANNELS 3 Zrotation Yrotation Xrotation
    JOINT rfemur
    {
      OFFSET -0.076961 -0.088859 0.062674
      CHANNELS 3 Zrotation Yrotation Xrotation
      JOINT rtibia
      {
        OFFSET -0.129575 -0.356005 0.000000
        CHANNELS 3 Zrotation Yrotation Xrotation
        JOINT rfoot
        {
          OFFSET -0.136022 -0.373719 0.000000
          CHANNELS 3 Zrotation Yrotation Xrotation
          JOINT rtoes
          {
            OFFSET -0.013093 -0.035974 0.108504
            CHANNELS 3 Zrotation Yrotation Xrotation
            End Site
            {
              OFFSET -0.000000 -0.000000 0.057326
            }
          }
        }
      }
    }
  }
  JOINT lowerback
  {
    OFFSET 0.000000 0.000000 0.000000
    CHANNELS 3 Zrotation Yrotation Xrotation
    JOINT upperback
    {
      OFFSET -0.004835 0.114922 -0.013864
      CHANNELS 3 Zrotation Yrotation Xrotation
      JOINT thorax
      {
        OFFSET -0.000021 0.116102 0.000122
        CHANNELS 3 Zrotation Yrotation Xrotation
        JOINT lowerneck
        {
          OFFSET 0.002188 0.117937 0.006733
          CHANNELS 3 Zrotation Yrotation Xrotation
          JOINT upperneck
          {
            OFFSET -0.002068 0.095682 0.017943
            CHANNELS 3 Zrotation Yrotation Xrotation
            JOINT head
            {
              OFFSET 0.000526 0.096058 -0.025972
              CHANNELS 3 Zrotation Yrotation Xrotation
              End Site
              {
                OFFSET 0.000701 0.100257 -0.010937
              }
            }
          }
        }
        JOINT lclavicle
        {
          OFFSET 0.002188 0.117937 0.006733
          CHANNELS 3 Zrotation Yrotation Xrotation
          JOINT lhumerus
          {
            OFFSET 0.211297 0.045898 -0.020685
            CHANNELS 3 Zrotation Yrotation Xrotation
            JOINT lradius
            {
              OFFSET 0.280633 -0.000000 -0.000000
              CHANNELS 3 Zrotation Yrotation Xrotation
              JOINT lwrist
              {
                OFFSET 0.189547 -0.000000 0.000000
                CHANNELS 3 Zrotation Yrotation Xrotation
                End Site
                {
                  OFFSET 0.094773 -0.000000 0.000000
                }
              }
            }
          }
        }
        JOINT rclavicle
        {
          OFFSET 0.002188 0.117937 0.006733
          CHANNELS 3 Zrotation Yrotation Xrotation
          JOINT rhumerus
          {
            OFFSET -0.211884 0.028598 -0.003683
            CHANNELS 3 Zrotation Yrotation Xrotation
            JOINT rradius
            {
              OFFSET -0.280243 -0.000000 -0.000000
              CHANNELS 3 Zrotation Yrotation Xrotation
              JOINT rwrist
              {
                OFFSET -0.189049 -0.000000 0.000000
                CHANNELS 3 Zrotation Yrotation Xrotation
                End Site
                {
                  OFFSET -0.094524 -0.000000 0.000000
                }
              }
            }
          }
        }
      }
    }
  }
}
MOTION
Frames: 144
Frame Time: 0.04166667
0.00000 0.82628 0.00000 9.69400 59.97800 29.14900 0.00000 -0.00000 0.00000 -6.90354 -3.36158 -64.09437 9.18837 16.92742 56.73931 0.26045 4.51753 -12.37687 0.39909 -4.05601 -11.23429 0.00000 -0.00000 0.00000 -5.93489 9.01086 -49.88882 -10.61744 -17.74273 61.53283 -2.39138 7.89995 -27.85731 -0.65500 5.17666 -14.41311 1.31478 -0.77797 38.16230 -1.20339 0.20883 9.80267 -2.09024 0.45188 -7.83536 0.93991 7.33260 -34.73610 -10.26320 14.62220 30.11600 -1.14031 4.33798 18.05460 0.00000 -0.00000 0.00000 -99.06003 -35.27163 119.10004 30.43176 -41.26061 -11.69332 0.00000 -0.00000 -2.56287 0.00000 -0.00000 0.00000 83.72248 12.03316 39.95386 -25.98019 37.18915 -8.87567 -0.00000 0.00000 -68.97480
0.00000 0.82009 0.00000 5.87400 59.51700 27.57400 0.00000 -0.00000 0.00000 -6.16887 -4.65096 -67.56826 11.11640 17.99157 63.15899 0.71237 2.12471 -16.85035 0.14295 -2.43663 -6.71399 0.00000 -0.00000 0.00000 -7.64510 10.97787 -48.62872 -10.27251 -17.56027 60.39533 -2.59434 5.66023 -29.28138 -1.00442 6.37731 -17.88318 -0.40779 0.60251 37.01060 -1.89833 1.19279 10.14670 -2.27837 0.91956 -7.03390 0.19898 6.80891 -35.22110 -8.37501 13.66330 31.26770 -0.42801 4.07099 18.37230 0.00000 -0.00000 0.00000 -100.13206 -36.21711 121.28818 28.18699 -39.28781 -10.24188 0.00000 -0.00000 -1.34600 0.00000 -0.00000 0.00000 82.63408 11.20247 42.34801 -26.34171 37.54415 -9.09508 -0.00000 0.00000 -69.74710
0.00000 0.82154 0.00000 2.11400 60.68200 25.43600 0.00000 -0.00000 0.00000 -6.07937 -6.68233 -68.36919 12.09573 18.43082 66.29192 1.14339 0.72285 -20.48476 0.15851 -2.56528 -7.07071 0.00000 -0.00000 0.00000 -6.60564 10.79878 -47.08485 -9.80755 -17.30021 58.84321 -2.30745 -0.76730 -29.03938 -1.37826 7.42901 -20.99274 -1.51999 1.28471 36.09370 -2.14777 1.62206 10.12720 -2.09779 1.11202 -6.73068 -0.29304 6.84247 -35.52350 -7.89353 13.48740 29.74810 -0.16840 4.09192 17.50890 0.00000 0.00000 0.00000 -102.03340 -36.35983 123.75293 25.46970 -36.68023 -8.56892 0.00000 -0.00000 -0.02621 0.00000 0.00000 0.00000 82.72693 10.87425 43.08387 -25.00455 36.20864 -8.29259 -0.00000 0.00000 -69.23590
0.00000 0.82640 0.00000 -0.13700 62.44800 23.07700 0.00000 -0.00000 0.00000 -7.25101 -7.66942 -66.55607 12.43964 18.57038 67.37570 1.49303 -1.49760 -22.67260 0.01952 -0.90193 -2.47902 0.00000 -0.00000 0.00000 -4.10215 9.22804 -43.94025 -9.40957 -17.06418 57.49605 -2.06189 -6.64913 -30.16138 -1.21991 7.00573 -19.73235 -1.25207 0.97042 35.52310 -2.47664 1.30366 9.96332 -2.46224 0.96893 -6.71058 0.09947 7.39931 -34.45930 -8.05313 13.33140 25.27270 -0.36645 4.35910 15.16150 0.00000 -0.00000 0.00000 -102.26526 -35.10978 124.42801 23.65100 -34.79302 -7.50648 0.00000 0.00000 0.01556 0.00000 -0.00000 0.00000 84.32636 10.16788 41.73835 -24.41937 35.60460 -7.94940 -0.00000 0.00000 -68.06280
0.00000 0.83226 0.00000 -1.97000 63.12000 20.59200 0.00000 -0.00000 0.00000 -8.64635 -7.34208 -63.71649 12.45063 18.57471 67.41021 1.75454 -2.47520 -24.38742 0.01690 -0.83932 -2.30679 0.00000 -0.00000 0.00000 -1.81544 8.42191 -41.73967 -8.78272 -16.66585 55.33564 -1.92370 -9.81749 -31.26938 -1.26996 7.14267 -20.13873 -1.14984 1.02087 35.39330 -2.10807 1.38468 9.44963 -2.16374 0.97858 -7.23161 0.54436 8.10035 -33.52010 -8.41063 13.17380 17.84280 -0.68654 4.77681 11.93320 -0.00000 -0.00000 0.00000 -101.90601 -34.05415 124.85806 23.14799 -34.25025 -7.22141 0.00000 0.00000 0.00666 -0.00000 -0.00000 0.00000 84.17649 9.78260 42.33411 -23.40129 34.52471 -7.36448 -0.00000 0.00000 -66.37360
0.00000 0.83720 0.00000 -2.56100 62.25000 19.63800 0.00000 -0.00000 0.00000 -9.93490 -6.74127 -61.29299 12.34028 18.53082 67.06341 2.11810 -2.64742 -26.84442 0.02894 -1.09811 -3.01880 0.00000 -0.00000 0.00000 -0.71831 8.36094 -43.60466 -8.85611 -16.71423 55.59117 -1.50733 -10.77728 -29.29750 -1.45122 7.61479 -21.55004 -1.44001 1.20896 34.48950 -1.70521 1.50074 9.00031 -1.60956 0.99477 -7.53295 1.45121 8.62528 -33.40470 -8.34004 12.98970 13.39210 -0.89634 5.04331 10.25910 -0.00000 0.00000 0.00000 -101.31660 -32.88098 123.88098 23.88294 -35.04022 -7.63924 0.00000 -0.00000 -0.60461 -0.00000 0.00000 0.00000 82.89172 9.47816 44.54711 -23.66620 34.80928 -7.51516 -0.00000 0.00000 -66.89190
0.00000 0.83917 0.00000 -1.13200 60.78700 20.91300 0.00000 -0.00000 0.00000 -11.48086 -6.32835 -59.71630 12.27254 18.50350 66.85010 2.33746 -1.62627 -28.50055 0.09928 -2.03188 -5.59377 0.00000 -0.00000 0.00000 -0.00047 8.00636 -48.57202 -9.32824 -17.01437 57.21850 -1.15688 -9.78498 -26.03464 -1.98527 8.83532 -25.28155 -1.87259 1.01408 32.94040 -1.18441 1.12246 8.51100 -0.67177 0.78115 -7.50615 2.23504 9.02311 -33.53680 -8.85403 13.20970 12.43320 -1.16065 5.17160 10.03220 -0.00000 -0.00000 0.00000 -100.07135 -32.64815 123.81763 25.68721 -36.89817 -8.69918 0.00000 -0.00000 -4.38384 -0.00000 -0.00000 0.00000 81.14084 9.48785 47.59811 -25.42192 36.63213 -8.54039 -0.00000 0.00000 -67.96130
0.00000 0.84163 0.00000 1.66800 59.55200 22.69500 0.00000 -0.00000 0.00000 -13.53678 -5.27930 -57.21644 11.94936 18.36916 65.82821 2.55409 -1.48612 -29.86585 0.07321 -1.74559 -4.80307 0.00000 -0.00000 0.00000 -0.33174 8.61080 -51.91192 -9.86126 -17.33109 59.02364 -1.86960 -3.36434 -27.21591 -0.65168 5.16377 -14.37626 -1.44934 0.55344 31.85800 -0.29049 0.74172 8.50912 0.20869 0.57143 -7.76995 2.74689 9.30610 -33.66410 -10.36010 13.76120 12.76100 -1.64569 5.23365 10.39040 -0.00000 0.00000 0.00000 -99.67554 -32.54071 123.15365 26.84302 -38.02908 -9.40225 0.00000 -0.00000 -4.41520 -0.00000 0.00000 0.00000 79.78329 9.34537 48.58074 -26.80162 37.98936 -9.37676 -0.00000 0.00000 -67.93090
0.00000 0.83951 0.00000 6.77700 58.69600 26.34700 0.00000 -0.00000 0.00000 -16.42405 -2.94446 -55.85006 12.03020 18.40338 66.08450 2.53831 -3.09417 -29.38660 0.15248 -2.51618 -6.93451 0.00000 -0.00000 0.00000 -1.26445 7.78713 -52.51496 -10.41388 -17.63611 60.86290 -1.73375 -6.86495 -28.14790 -1.32344 7.28572 -20.56465 0.21786 -0.08017 30.82600 0.34969 0.49206 8.23489 0.06232 0.43062 -7.59843 3.96323 9.64992 -34.96450 -13.62940 14.91660 15.48950 -2.72544 5.16768 12.18660 -0.00000 0.00000 0.00000 -99.78517 -32.20630 121.80757 27.89265 -39.01722 -10.05603 0.00000 -0.00000 -3.50893 -0.00000 0.00000 0.00000 79.37877 8.47126 47.30584 -27.57517 38.72218 -9.85680 -0.00000 0.00000 -67.89750
0.00000 0.83236 0.00000 11.32400 58.65400 29.38100 0.00000 -0.00000 0.00000 -17.23469 0.57029 -59.36581 14.32569 19.20986 73.19670 1.31762 -4.98510 -20.63133 0.26071 -3.28496 -9.07313 0.00000 -0.00000 0.00000 -2.27282 6.32110 -51.69375 -11.28877 -18.07352 63.71584 -2.12758 -5.40006 -29.90062 -1.04019 6.48645 -18.20255 3.90620 -1.07197 30.06050 0.64445 0.33956 8.26864 -1.68014 0.34312 -7.17618 3.91425 9.39903 -36.66400 -15.78680 16.38110 21.13630 -3.27785 5.03129 15.32050 -0.00000 -0.00000 0.00000 -100.90903 -32.98016 122.19956 27.94197 -39.06276 -10.08709 0.00000 -0.00000 -3.60341 -0.00000 -0.00000 0.00000 80.20728 7.80744 44.73292 -26.88446 38.06879 -9.42780 -0.00000 0.00000 -68.04270
0.00000 0.82410 0.00000 14.82300 57.80800 31.47100 0.00000 -0.00000 0.00000 -16.55552 3.97033 -63.72032 15.80377 19.57249 77.64651 0.63110 -3.68360 -14.20784 0.94883 -6.20345 -17.37586 0.00000 -0.00000 0.00000 -3.50028 4.90438 -51.48851 -12.26481 -18.50036 66.82575 -2.70527 -2.93099 -32.23630 -1.15559 6.82508 -19.19819 5.47085 -1.57948 29.72010 0.75779 0.15196 8.55966 -2.38708 0.27427 -6.68108 4.34160 10.19360 -35.09380 -17.70140 19.24690 25.46810 -3.57028 5.78136 17.91320 -0.00000 0.00000 0.00000 -101.48348 -33.66047 122.61048 28.66573 -39.72193 -10.54643 0.00000 -0.00000 -5.54983 -0.00000 0.00000 0.00000 80.06363 8.08454 43.69927 -26.62951 37.82358 -9.27102 -0.00000 0.00000 -68.94330
0.00000 0.82078 0.00000 17.20900 58.20100 32.77800 0.00000 -0.00000 0.00000 -13.45935 2.31485 -64.29096 12.02338 18.40051 66.06290 0.39687 -1.39410 -11.49595 0.09224 -1.95880 -5.39180 0.00000 -0.00000 0.00000 -4.26305 4.11435 -49.73368 -12.75032 -18.69015 68.34821 -3.08450 -2.16946 -34.05364 -0.64204 5.12616 -14.26874 4.28352 -1.08313 32.69420 2.00995 0.78302 7.19304 -0.48089 0.50527 -8.82210 3.19462 10.02620 -33.39990 -18.80000 20.88480 27.58900 -3.54747 6.16283 19.09120 -0.00000 0.00000 0.00000 -103.57099 -31.98804 123.16332 28.59717 -39.66021 -10.50264 0.00000 -0.00000 -4.88681 -0.00000 0.00000 0.00000 78.76291 5.77005 41.48693 -27.41328 38.57046 -9.75569 -0.00000 0.00000 -68.75200
0.00000 0.81941 0.00000 18.40500 58.75600 33.49800 0.00000 -0.00000 0.00000 -9.63538 -1.45929 -63.61771 7.46842 15.71399 50.62449 0.21742 0.63862 -9.06279 1.08369 -6.61640 -18.58377 0.00000 -0.00000 0.00000 -5.08971 3.41831 -47.34472 -12.76600 -18.69604 68.39712 -3.33861 -2.80609 -35.63522 -1.13212 6.75776 -18.99968 5.56354 -1.75879 33.20480 0.18221 0.23330 8.23411 -2.88375 0.32291 -7.86948 3.97006 10.51290 -33.53150 -19.00830 21.12870 27.08710 -3.66289 6.33474 19.02560 0.00000 0.00000 0.00000 -101.93797 -33.89184 123.97108 28.41906 -39.49917 -10.38916 0.00000 -0.00000 -4.82841 0.00000 0.00000 0.00000 81.65855 6.59755 39.27701 -26.96910 38.14971 -9.48003 -0.00000 0.00000 -68.19800
0.00000 0.80716 0.00000 17.10900 58.20800 32.26100 0.00000 -0.00000 0.00000 -7.33371 -3.98674 -64.93815 6.38830 14.79436 46.52091 0.24038 2.73806 -10.68625 0.70765 -5.37648 -14.98553 0.00000 -0.00000 0.00000 -7.08929 4.03263 -45.52708 -13.15438 -18.83719 69.60432 -3.69307 -4.83780 -38.21900 -2.71047 10.21091 -29.66246 5.25345 -1.43375 34.83030 -0.49612 0.59887 8.46816 -3.55240 0.52124 -8.07361 4.11275 10.95550 -33.46010 -19.96140 21.92790 26.26000 -3.83029 6.61242 18.94500 0.00000 -0.00000 0.00000 -102.02385 -34.53429 125.32282 28.73730 -39.78619 -10.59220 0.00000 -0.00000 -6.41747 0.00000 -0.00000 0.00000 81.83087 5.66216 38.45995 -27.89348 39.01799 -10.05655 -0.00000 0.00000 -68.33730
0.00000 0.78059 0.00000 16.80000 57.77400 30.99800 0.00000 -0.00000 0.00000 -7.67567 -5.55889 -69.13563 9.48542 17.11014 57.75420 0.03328 3.21536 -6.02054 0.68731 -5.30025 -14.76694 0.00000 -0.00000 0.00000 -10.70220 5.27751 -42.91140 -14.14399 -19.15713 72.64375 -3.90002 -6.67726 -39.99803 -2.63887 10.08613 -29.25611 4.15789 -1.23161 38.46100 -0.59090 0.71317 8.54420 -3.13842 0.58907 -9.28096 3.52832 10.96230 -33.50650 -20.32680 21.92760 24.81940 -3.80523 6.62196 18.17730 -0.00000 0.00000 0.00000 -102.38689 -36.09657 127.23377 28.53521 -39.60430 -10.46312 0.00000 -0.00000 -4.52301 -0.00000 0.00000 0.00000 81.61069 4.61030 36.42443 -29.18221 40.18204 -10.87808 -0.00000 0.00000 -68.97300
0.00000 0.75284 0.00000 18.11600 57.41600 32.03900 0.00000 -0.00000 0.00000 -10.96143 -6.48006 -74.46577 13.34953 18.90475 70.20766 0.25725 0.12787 -9.62737 0.38762 -3.99799 -11.07101 0.00000 -0.00000 0.00000 -15.19413 7.92578 -39.52524 -14.67109 -19.30508 74.24392 -4.09510 -12.48535 -43.80173 -3.53301 11.51160 -34.02538 3.15806 -0.82455 41.32360 -0.58464 1.00556 8.60911 -2.75243 0.74728 -10.13390 1.55176 9.89867 -32.97860 -19.36340 20.24200 22.71130 -3.44787 6.11331 16.28010 -0.00000 0.00000 0.00000 -104.81356 -38.09732 133.21521 27.02979 -38.20759 -9.51754 0.00000 -0.00000 -4.56761 -0.00000 0.00000 0.00000 82.14110 4.42250 32.77037 -28.52157 39.59198 -10.45442 -0.00000 0.00000 -71.33690
0.00000 0.73645 0.00000 16.78000 58.40600 31.75600 0.00000 -0.00000 0.00000 -12.19681 -8.11738 -77.75273 16.12114 19.63538 78.59242 0.64527 -3.60534 -14.37874 0.04357 -1.34719 -3.70464 0.00000 -0.00000 0.00000 -16.53325 9.22781 -35.00219 -13.84205 -19.06543 71.72153 -3.94980 -15.94146 -45.25845 -3.73005 11.79224 -35.00092 3.06313 -1.15025 41.93620 -1.08030 0.56422 8.84063 -3.05163 0.57709 -10.08580 0.27526 8.94653 -32.96300 -17.40050 17.82490 19.53880 -2.97694 5.52306 14.05340 0.00000 0.00000 0.00000 -107.37309 -38.43081 136.11897 23.20900 -34.31657 -7.25578 0.00000 -0.00000 -1.53415 0.00000 0.00000 0.00000 83.41683 5.15022 31.43444 -26.36677 37.56859 -9.11036 -0.00000 0.00000 -70.09410
0.00000 0.73817 0.00000 8.47900 57.20000 24.40100 0.00000 -0.00000 0.00000 -10.47211 -8.34697 -76.53760 17.73229 19.87625 83.35652 1.33120 -4.37044 -20.81195 0.00128 -0.23065 -0.63372 0.00000 -0.00000 0.00000 -13.99012 8.53256 -32.20537 -12.23134 -18.48674 66.72023 -3.03067 -16.98360 -42.09196 -3.46722 11.41549 -33.69431 1.64559 -0.06848 42.23900 -1.63454 1.16435 8.75740 -3.17390 0.84560 -10.25350 0.03283 8.92638 -32.48860 -16.49950 16.92280 16.83810 -2.77405 5.48510 12.59620 0.00000 -0.00000 0.00000 -107.52101 -37.26185 137.58557 23.03407 -34.12605 -7.15740 0.00000 -0.00000 -4.34077 0.00000 -0.00000 0.00000 83.41585 5.15603 31.93819 -24.30714 35.48737 -7.88415 -0.00000 0.00000 -67.56140
0.00000 0.75730 0.00000 -0.01500 55.77800 15.89400 0.00000 -0.00000 0.00000 -7.68856 -8.04836 -71.49078 17.62526 19.86425 83.04161 1.88305 -5.01476 -24.83966 0.06028 1.58422 4.35791 0.00000 -0.00000 0.00000 -8.50989 5.51273 -31.84283 -10.88504 -17.87837 62.40769 -2.05158 -16.79924 -37.32282 -3.94005 12.08020 -36.01628 -0.52630 1.21434 43.80980 -2.14598 1.67733 8.46118 -2.86319 1.08703 -11.05180 -0.26533 9.42605 -32.56290 -14.95360 16.99560 15.70000 -2.14607 5.77395 11.91740 -0.00000 0.00000 0.00000 -107.23176 -36.20432 135.67714 22.72962 -33.79182 -6.98734 0.00000 -0.00000 -0.17460 -0.00000 0.00000 0.00000 84.65711 4.74587 31.53568 -23.75910 34.90847 -7.56825 -0.00000 0.00000 -65.68050
0.00000 0.78052 0.00000 -3.40900 56.09900 13.86900 0.00000 -0.00000 0.00000 -8.18690 -8.02661 -68.32926 16.53352 19.70942 79.81735 2.09583 -4.64444 -26.32190 0.00186 0.27889 0.76626 0.00000 -0.00000 0.00000 -4.43768 3.78151 -35.02927 -10.19536 -17.51825 60.13931 -1.76302 -15.79935 -34.94494 -2.08337 9.03761 -25.91304 -1.91710 1.35347 42.52170 -2.87599 1.14287 8.34354 -2.67389 0.86817 -10.82650 -0.07034 9.70370 -32.64060 -14.57630 16.94790 14.58630 -2.05359 5.89557 11.45710 0.00000 -0.00000 0.00000 -104.45104 -36.77709 134.80079 23.70806 -34.85401 -7.53906 0.00000 -0.00000 -0.71424 0.00000 -0.00000 0.00000 86.37874 5.02995 32.77692 -24.04124 35.20784 -7.73032 -0.00000 0.00000 -63.36340
0.00000 0.80042 0.00000 -3.98500 57.65500 14.40900 0.00000 -0.00000 0.00000 -9.65036 -8.14664 -66.04784 15.27988 19.45723 76.07830 2.03107 -5.92859 -25.73127 0.02521 1.02510 2.81788 0.00000 -0.00000 0.00000 -2.75070 3.79949 -38.90124 -10.03112 -17.42732 59.59234 -1.69803 -14.69555 -33.63978 -2.63134 10.07288 -29.21307 -2.43547 1.32354 41.19280 -2.92774 0.93274 8.37614 -2.34008 0.78064 -10.38630 0.16047 9.43040 -33.21380 -14.36870 16.41180 14.48040 -2.11839 5.67282 11.45920 -0.00000 -0.00000 0.00000 -101.60262 -36.70056 135.19238 25.93751 -37.14695 -8.84989 0.00000 -0.00000 -7.74838 -0.00000 -0.00000 0.00000 86.44954 5.72517 34.53932 -24.85531 36.05574 -8.20459 -0.00000 0.00000 -63.45550
0.00000 0.81294 0.00000 -3.62300 58.54100 15.09700 0.00000 -0.00000 0.00000 -11.29611 -7.69929 -64.01668 14.41633 19.23548 73.47199 2.05255 -6.47679 -25.82105 0.01858 0.87996 2.41857 0.00000 -0.00000 0.00000 -1.75499 4.55630 -43.41619 -10.32289 -17.58747 60.56221 -1.68560 -12.68127 -31.91789 -1.61204 8.00635 -22.73336 -2.98892 1.65159 39.59790 -2.56520 1.22738 8.53566 -1.74525 0.91165 -9.69260 0.82432 9.50750 -33.00320 -14.79890 16.32080 14.39170 -2.39324 5.63342 11.49070 0.00000 0.00000 0.00000 -99.85839 -36.70118 133.62786 28.04120 -39.15414 -10.14969 0.00000 -0.00000 -8.00465 0.00000 0.00000 0.00000 85.21161 6.43709 35.38961 -25.16563 36.37281 -8.38793 -0.00000 0.00000 -58.65190
0.00000 0.81792 0.00000 -2.34700 59.50000 16.09900 0.00000 -0.00000 0.00000 -12.27675 -8.11491 -62.29130 14.02542 19.12173 72.28208 2.16637 -5.64269 -26.64523 0.00647 -0.51962 -1.42782 0.00000 -0.00000 0.00000 -0.95556 5.69707 -48.40675 -11.27439 -18.06676 63.66947 -1.83270 -9.07633 -30.20195 -1.56688 7.89875 -22.40696 -3.04038 1.17448 38.43270 -2.26822 0.66511 8.18628 -1.15219 0.63943 -9.70613 2.08076 10.40470 -32.38350 -15.59970 17.03820 13.48240 -2.71910 6.03061 11.30980 -0.00000 0.00000 0.00000 -97.85367 -35.49677 129.52137 29.04898 -40.06416 -10.79223 0.00000 -0.00000 -2.67098 -0.00000 0.00000 0.00000 85.06034 6.61096 37.10135 -27.13285 38.30559 -9.58136 -0.00000 0.00000 -57.06660
0.00000 0.82054 0.00000 0.26400 60.21400 18.36900 0.00000 -0.00000 0.00000 -13.61703 -8.16257 -60.76576 13.72566 19.02872 71.36490 2.33909 -5.40693 -27.76672 0.01975 -0.90734 -2.49388 0.00000 -0.00000 0.00000 -0.57943 6.13351 -53.95015 -12.04252 -18.40857 66.12354 -1.99668 -3.51621 -28.13917 -1.02420 6.43792 -18.06046 -2.57773 0.76851 37.37210 -1.16636 0.44469 7.62950 -0.11553 0.50254 -9.97629 2.77405 10.18000 -33.47660 -16.31290 16.73320 13.91980 -3.12707 5.75210 11.78160 -0.00000 -0.00000 0.00000 -96.74416 -34.33672 127.10235 31.48617 -42.13368 -12.39474 0.00000 -0.00000 -0.61220 -0.00000 -0.00000 0.00000 83.62062 5.44315 37.93889 -30.60487 41.40624 -11.80765 -0.00000 0.00000 -56.87540
0.00000 0.82186 0.00000 5.26800 60.15200 22.15600 0.00000 -0.00000 0.00000 -16.58777 -5.57648 -59.47445 13.72707 19.02916 71.36921 2.16798 -6.90630 -26.53278 0.09463 -1.98391 -5.46119 0.00000 -0.00000 0.00000 -2.34459 7.45022 -55.17850 -12.13810 -18.44842 66.42589 -2.02079 -4.14974 -28.59426 -0.95921 6.23634 -17.47171 -1.11900 0.07711 36.67150 -0.74313 0.19538 7.63962 -0.32334 0.35951 -9.72557 2.52169 9.07590 -35.38900 -16.83510 15.96560 16.12920 -3.46845 5.05390 12.95160 -0.00000 0.00000 0.00000 -95.59663 -34.14687 125.09598 33.74761 -43.89685 -13.93777 0.00000 -0.00000 -1.30545 -0.00000 0.00000 0.00000 83.07121 4.95102 38.79128 -32.43739 42.89311 -13.03756 -0.00000 0.00000 -57.29540
0.00000 0.81291 0.00000 10.96400 61.27600 26.53900 0.00000 -0.00000 0.00000 -17.58092 -2.16433 -63.16963 15.93472 19.59907 78.03715 0.87098 -10.26562 -17.08610 0.15895 -2.56880 -7.08047 0.00000 -0.00000 0.00000 -4.08450 7.22405 -53.98444 -13.04724 -18.79915 69.27216 -2.49497 -2.62466 -30.88279 -0.28261 3.41900 -9.44756 1.74038 -1.08093 36.29690 -0.44979 -0.12899 7.84053 -1.38827 0.18212 -9.37898 1.46329 7.78546 -36.14060 -17.69420 15.43510 17.93850 -3.80776 4.46643 13.82320 0.00000 0.00000 0.00000 -96.58636 -34.67625 124.45976 34.16607 -44.20739 -14.22873 0.00000 -0.00000 -4.86654 0.00000 0.00000 0.00000 83.49733 4.45870 38.00763 -32.72170 43.11503 -13.23147 -0.00000 0.00000 -58.40780
0.00000 0.79662 0.00000 16.93100 60.88300 30.53600 0.00000 -0.00000 0.00000 -16.24189 2.26594 -68.54654 17.98515 19.90239 84.09976 -0.06457 -10.41723 -6.21680 1.39588 -7.47436 -21.12856 0.00000 -0.00000 0.00000 -5.84305 6.00759 -54.65542 -14.79664 -19.33809 74.62337 -2.83107 -4.03848 -33.40855 -1.38011 7.43377 -21.00698 2.66904 -1.73203 36.71970 -0.88741 -0.54701 8.68267 -2.17943 0.04371 -8.61772 0.36216 7.45822 -34.54480 -19.65640 16.74080 19.95230 -4.17664 4.63783 14.79620 0.00000 0.00000 0.00000 -96.20424 -36.16424 123.27123 35.77093 -45.35484 -15.35929 0.00000 -0.00000 -6.93890 0.00000 0.00000 0.00000 83.71163 5.09134 38.04759 -34.64938 44.56014 -14.56679 -0.00000 0.00000 -60.02540
0.00000 0.78960 0.00000 20.15900 61.12900 33.08500 0.00000 -0.00000 0.00000 -12.63653 1.24712 -67.53948 13.33099 18.89843 70.15045 0.53602 -1.53176 -13.38667 0.84039 -5.84759 -16.34284 0.00000 -0.00000 0.00000 -6.65269 4.66938 -54.43968 -15.77533 -19.56660 77.56162 -3.28535 -5.14534 -36.31483 -2.01210 8.89123 -25.45567 3.08143 -2.15163 38.35240 -1.10465 -0.79852 8.99613 -2.52237 -0.03201 -8.84973 -0.58092 7.13417 -33.77420 -20.37920 17.74990 22.41580 -4.19495 4.74485 15.96590 0.00000 0.00000 0.00000 -95.66153 -37.16120 123.29062 37.26633 -46.36426 -16.43251 0.00000 -0.00000 -6.49247 0.00000 0.00000 0.00000 82.88489 4.90398 38.89335 -36.44596 45.81746 -15.84147 -0.00000 0.00000 -61.50130
0.00000 0.78108 0.00000 21.75700 61.43000 34.93800 0.00000 -0.00000 0.00000 -8.84149 -1.60849 -67.02786 9.79248 17.29149 58.79250 0.17077 3.30766 -9.74758 1.03868 -6.48187 -18.18913 0.00000 -0.00000 0.00000 -7.95349 4.42053 -54.19722 -16.48719 -19.70153 79.67994 -3.57788 -5.24387 -37.82663 -1.86044 8.56912 -24.45649 2.31502 -1.98419 40.20000 -1.43168 -0.79090 9.20310 -2.47021 0.01742 -9.22256 -1.37832 6.97581 -33.68490 -20.02640 18.20340 23.73220 -3.86700 4.80050 16.50800 -0.00000 0.00000 0.00000 -95.02905 -38.01025 123.75348 38.23784 -46.99053 -17.13931 0.00000 -0.00000 -7.48704 -0.00000 0.00000 0.00000 82.65770 4.55173 39.42190 -38.07899 46.88968 -17.02325 -0.00000 0.00000 -63.41810
0.00000 0.76985 0.00000 20.91500 62.03700 34.44300 0.00000 -0.00000 0.00000 -7.63700 -3.08010 -68.80539 10.56540 17.71576 61.36194 0.07875 2.69839 -7.00201 0.98895 -6.32948 -17.74343 0.00000 -0.00000 0.00000 -9.31050 4.76941 -52.48682 -16.94820 -19.77522 81.04493 -3.88377 -7.09210 -40.11039 -2.55237 9.93251 -28.75845 1.85963 -1.75883 41.63500 -2.03416 -0.65527 9.60397 -2.93555 0.13612 -9.22049 -1.42896 7.49589 -33.37010 -19.91770 19.05500 24.14760 -3.60652 5.14345 16.73200 -0.00000 -0.00000 0.00000 -95.48557 -39.27786 124.12709 36.60282 -45.92331 -15.95406 0.00000 -0.00000 -4.29754 -0.00000 -0.00000 0.00000 83.31956 4.65487 38.67899 -37.87597 46.75991 -16.87519 -0.00000 0.00000 -64.57730
0.00000 0.76471 0.00000 20.02500 63.71700 34.42600 0.00000 -0.00000 0.00000 -7.30188 -6.13290 -70.87789 12.54542 18.61182 67.70750 0.22718 1.38403 -9.61866 0.61125 -5.00399 -13.91993 0.00000 -0.00000 0.00000 -10.48036 5.12712 -48.80266 -16.56334 -19.71444 79.90578 -3.91524 -10.22488 -41.79518 -2.76763 10.30904 -29.98340 0.76369 -1.37582 43.29680 -2.47191 -0.62838 9.48101 -2.86008 0.18493 -9.84698 -2.32648 7.47470 -33.66540 -18.03590 18.66880 24.15890 -2.75606 5.11240 16.28330 -0.00000 0.00000 0.00000 -96.82749 -39.91188 125.97411 33.37993 -43.62003 -13.68347 0.00000 0.00000 0.03862 -0.00000 0.00000 0.00000 84.04157 4.70568 37.70995 -34.98117 44.79868 -14.80009 -0.00000 0.00000 -65.95600
0.00000 0.76375 0.00000 16.87000 65.27800 33.06000 0.00000 -0.00000 0.00000 -8.14821 -6.85569 -73.03732 14.29061 19.19982 73.09006 0.57928 -2.19011 -13.79349 0.38571 -3.98825 -11.04363 0.00000 -0.00000 0.00000 -10.43371 5.11498 -45.64690 -15.69282 -19.54927 77.31515 -3.56182 -12.98539 -41.77938 -2.64121 10.09025 -29.26949 -0.57338 -0.14809 43.40960 -2.98848 0.25150 9.64086 -3.10803 0.61703 -9.64879 -2.77612 7.42049 -34.72600 -16.68130 18.60350 25.08260 -2.15231 5.05930 16.64260 -0.00000 -0.00000 0.00000 -99.54713 -40.80402 132.74277 30.70222 -41.48775 -11.87209 0.00000 -0.00000 -5.57157 -0.00000 -0.00000 0.00000 84.18445 4.57269 37.02743 -31.87065 42.44381 -12.65344 -0.00000 0.00000 -67.29270
0.00000 0.77166 0.00000 10.01100 67.45100 27.59500 0.00000 -0.00000 0.00000 -7.51444 -7.42872 -72.54201 15.22360 19.44400 75.90931 0.89974 -4.77648 -16.95790 0.11203 -2.15808 -5.94274 0.00000 -0.00000 0.00000 -7.78859 4.78067 -42.35454 -14.56083 -19.27539 73.91018 -2.56358 -15.81852 -39.07922 -1.89565 8.64526 -24.69180 -1.10293 0.55121 43.59570 -3.20732 0.80621 9.34985 -3.32147 0.85928 -10.00500 -3.38438 7.50295 -34.50740 -14.19050 18.07590 25.71550 -1.17655 5.07304 16.33050 -0.00000 -0.00000 0.00000 -101.05760 -39.75232 134.41699 27.98678 -39.10406 -10.11535 0.00000 -0.00000 -3.91861 -0.00000 -0.00000 0.00000 84.07748 4.07467 37.16815 -31.50591 42.14970 -12.40798 -0.00000 0.00000 -70.26880
0.00000 0.78302 0.00000 3.45100 67.98000 22.01300 0.00000 -0.00000 0.00000 -6.82092 -8.46081 -70.29041 15.47047 19.50082 76.64986 1.31813 -5.01025 -20.63295 0.05235 -1.47650 -4.06094 0.00000 -0.00000 0.00000 -5.03439 3.84329 -41.53828 -13.47454 -18.94685 70.59308 -1.44110 -18.88060 -36.00841 -1.31197 7.25532 -20.47402 -2.66504 1.29271 42.80860 -3.45762 1.01289 9.37341 -2.85577 0.95956 -9.73166 -4.13234 6.98132 -34.84540 -10.99180 16.58960 26.72970 -0.12418 4.73153 16.18160 0.00000 -0.00000 0.00000 -102.32802 -39.12260 134.67245 25.89025 -37.10013 -8.82136 0.00000 -0.00000 -2.29638 0.00000 -0.00000 0.00000 84.50099 4.11170 37.38196 -30.19069 41.05628 -11.53466 -0.00000 0.00000 -67.15690
0.00000 0.79742 0.00000 -0.64200 67.24100 18.55900 0.00000 -0.00000 0.00000 -6.99413 -8.32925 -67.33756 15.08823 19.41147 75.50231 1.72633 -4.21190 -23.85141 0.13775 -2.39208 -6.59052 0.00000 -0.00000 0.00000 -3.44066 5.25799 -42.50540 -12.50136 -18.59464 67.56940 -1.22153 -18.65627 -34.57822 -0.79143 5.67882 -15.85530 -4.83842 1.69605 41.57930 -3.78049 0.59023 9.32059 -1.87508 0.77085 -9.40063 -4.24476 5.64505 -34.78210 -7.71491 13.69340 28.57420 0.55657 3.88188 16.46680 -0.00000 -0.00000 0.00000 -101.39849 -38.87899 132.74186 25.27863 -36.48743 -8.45504 0.00000 -0.00000 -3.37311 -0.00000 -0.00000 0.00000 85.48721 5.98312 39.50971 -29.78239 40.70614 -11.26743 -0.00000 0.00000 -66.03850
0.00000 0.81546 0.00000 -2.62200 66.60100 17.86100 0.00000 -0.00000 0.00000 -7.11849 -8.15677 -64.67993 14.04642 19.12806 72.34619 1.87526 -3.90000 -24.95522 0.14415 -2.44678 -6.74212 0.00000 -0.00000 0.00000 -3.37373 8.18791 -44.99556 -11.48143 -18.16272 64.33534 -1.27334 -14.88758 -31.24556 -0.71134 5.39019 -15.02487 -6.59501 1.56581 38.94330 -3.41311 -0.09224 9.24741 -0.23818 0.41106 -8.59519 -3.73174 4.90216 -33.98220 -6.12064 11.92570 30.39930 0.73104 3.37931 17.00270 -0.00000 -0.00000 0.00000 -98.57375 -39.10205 128.15156 26.42475 -37.62506 -9.14574 0.00000 -0.00000 -6.52357 -0.00000 -0.00000 0.00000 85.51362 8.05858 43.00374 -30.87968 41.63557 -11.98982 -0.00000 0.00000 -64.67910
0.00000 0.83589 0.00000 -4.27300 64.92600 16.42400 0.00000 -0.00000 0.00000 -7.78907 -5.73499 -60.45682 12.67488 18.66161 68.11262 1.98379 -3.87013 -25.70334 0.12303 -2.26121 -6.22810 0.00000 -0.00000 0.00000 -2.82211 11.32922 -46.48794 -9.90547 -17.35635 59.17195 -0.90513 -14.03424 -27.94567 -0.62008 5.03937 -14.02088 -7.25892 1.66143 37.14020 -3.03642 -0.08033 9.27761 0.53804 0.36336 -7.93484 -2.56775 5.01074 -33.87700 -6.14291 11.55570 31.10470 0.44873 3.32356 17.40810 0.00000 -0.00000 0.00000 -94.21186 -38.79787 124.45154 29.44903 -40.41642 -11.05066 0.00000 -0.00000 -7.59428 0.00000 -0.00000 0.00000 84.69397 8.80548 46.19938 -32.48110 42.92738 -13.06732 -0.00000 0.00000 -63.70750
0.00000 0.84784 0.00000 -1.76400 64.93700 19.07800 0.00000 -0.00000 0.00000 -8.92202 -4.98655 -57.68907 11.60784 18.21991 64.74025 1.91599 -3.28365 -25.35110 0.25933 -3.27630 -9.04895 0.00000 -0.00000 0.00000 -3.53449 12.34872 -49.03130 -8.82899 -16.69640 55.49683 -1.04857 -9.51904 -24.97984 -0.39220 4.02128 -11.13655 -7.26719 1.05270 36.40190 -2.11964 -0.78977 8.62360 1.79950 0.01113 -8.36140 -1.69759 4.81736 -33.79080 -7.43693 11.18830 30.29770 -0.35284 3.12898 17.16580 0.00000 0.00000 0.00000 -91.59149 -37.08476 118.16822 33.12867 -43.42870 -13.51044 0.00000 -0.00000 -4.64922 0.00000 0.00000 0.00000 83.10148 7.79873 47.28219 -35.73540 45.33017 -15.33402 -0.00000 0.00000 -62.62320
0.00000 0.85434 0.00000 1.88000 62.95100 22.55000 0.00000 -0.00000 0.00000 -10.41540 -2.49745 -55.15501 10.90760 17.88957 62.48115 1.95083 -3.36267 -25.57424 0.29850 -3.51303 -9.71050 0.00000 -0.00000 0.00000 -5.53640 15.60865 -51.52183 -8.29429 -16.33149 53.61588 -0.80822 -8.35562 -21.99166 -0.38847 4.00232 -11.08319 -7.07074 1.27503 34.25200 -1.44585 -0.26831 8.56114 2.27304 0.19468 -7.81663 -1.61397 3.68319 -33.21010 -8.35426 9.52295 28.43470 -1.14906 2.45021 16.14490 0.00000 -0.00000 0.00000 -89.14512 -35.00664 110.83654 37.39715 -46.44993 -16.52726 0.00000 -0.00000 -3.27278 0.00000 -0.00000 0.00000 82.12373 6.64756 46.87985 -40.47935 48.35134 -18.79664 -0.00000 0.00000 -59.43510
0.00000 0.85706 0.00000 8.94500 64.00100 27.54100 0.00000 -0.00000 0.00000 -11.75110 -2.65961 -50.39873 10.03422 17.42905 59.60266 1.82895 -2.54408 -24.90157 0.63444 -5.09629 -14.18339 0.00000 -0.00000 0.00000 -4.85510 13.11454 -49.41617 -9.05025 -16.83994 56.26374 -1.45538 -7.24166 -26.42717 -0.32355 3.65608 -10.11106 -4.87217 -0.07572 33.80730 -0.53578 -1.11573 8.32606 2.38905 -0.22091 -7.91745 -1.06600 3.07159 -33.38940 -10.24600 8.98353 27.58350 -2.16180 2.04846 15.94990 -0.00000 0.00000 0.00000 -87.91816 -31.60689 106.49056 38.37152 -47.07494 -17.23713 0.00000 -0.00000 -3.34251 -0.00000 0.00000 0.00000 79.18104 4.22837 47.83229 -46.20886 51.34714 -23.17901 -0.00000 0.00000 -57.36630
0.00000 0.85391 0.00000 10.01100 61.37800 27.55800 0.00000 -0.00000 0.00000 -10.80160 -1.45661 -48.26293 10.64808 17.75852 61.63332 1.72825 1.33203 -25.36384 1.23586 -7.04972 -19.86276 0.00000 -0.00000 0.00000 -2.93871 11.68413 -48.91542 -9.61418 -17.18710 58.19087 -1.89495 -1.29568 -26.52357 -0.22261 3.03716 -8.38221 -2.19222 -1.27334 30.76640 -0.61401 -1.71432 8.86985 1.15434 -0.56537 -6.78461 0.29762 4.62121 -34.03140 -12.99100 11.36440 26.17430 -2.96250 2.81584 15.96390 0.00000 -0.00000 0.00000 -89.20659 -29.21150 104.11662 35.57073 -45.21539 -15.21702 0.00000 -0.00000 -3.20861 0.00000 -0.00000 0.00000 78.63327 7.11772 51.18944 -41.86055 49.13437 -19.83501 -0.00000 0.00000 -58.08480
0.00000 0.84903 0.00000 9.34200 57.81600 25.20800 0.00000 -0.00000 0.00000 -9.52457 0.67384 -51.19443 13.72038 19.02703 71.34870 0.50847 9.41465 -20.02359 0.53960 -4.70657 -13.07350 0.00000 -0.00000 0.00000 -0.59687 10.91309 -48.28915 -10.37387 -17.61480 60.73079 -2.22192 4.18340 -27.21351 -0.04887 1.42664 -3.92353 -0.13525 -1.85063 30.14810 -0.80861 -1.87378 9.21068 -0.20649 -0.65260 -6.19061 1.57230 6.69979 -33.58740 -14.87620 13.93870 23.85060 -3.26080 3.89772 15.37500 0.00000 -0.00000 0.00000 -91.78957 -30.34845 104.08585 33.46627 -43.68538 -13.74307 0.00000 -0.00000 -4.57322 0.00000 -0.00000 0.00000 79.70760 8.98383 52.24679 -37.41580 46.46210 -16.54078 -0.00000 0.00000 -61.05240
0.00000 0.84012 0.00000 9.79000 55.22800 23.71600 0.00000 -0.00000 0.00000 -9.99680 1.16128 -56.64692 14.92153 19.37007 75.00024 0.62623 5.54156 -17.98743 0.63959 -5.11655 -14.24127 0.00000 -0.00000 0.00000 0.69059 9.69195 -47.62425 -11.55444 -18.19588 64.56936 -2.46175 6.85152 -28.35763 -0.14810 2.47994 -6.83404 1.19583 -1.73630 31.77870 -0.89099 -1.30120 9.66754 -1.25224 -0.35589 -6.45129 3.02623 8.36884 -32.73190 -17.12420 16.06940 22.09730 -3.84539 4.78815 15.10760 0.00000 0.00000 0.00000 -92.60545 -31.91333 106.71812 33.00250 -43.33195 -13.42378 0.00000 -0.00000 -3.78342 0.00000 0.00000 0.00000 81.26514 8.66531 48.71999 -36.25515 45.68786 -15.70478 -0.00000 0.00000 -63.29110
0.00000 0.83214 0.00000 10.55800 54.49100 24.01900 0.00000 -0.00000 0.00000 -10.83039 -1.73775 -62.68682 11.81864 18.31293 65.41280 0.62512 3.40915 -16.56132 0.63230 -5.08787 -14.15934 0.00000 -0.00000 0.00000 1.03870 7.20999 -48.24189 -12.62661 -18.64316 67.96168 -2.58546 9.93546 -28.94979 -0.07883 1.81113 -4.98397 2.37831 -1.64833 34.57610 -0.76606 -0.70087 9.18879 -1.84666 -0.05644 -7.41830 4.00331 9.46987 -31.72130 -18.58110 17.49630 21.09180 -4.21110 5.42828 14.97600 0.00000 -0.00000 0.00000 -94.27345 -32.97297 110.65518 33.71171 -43.86999 -13.91288 0.00000 -0.00000 -6.18585 0.00000 -0.00000 0.00000 79.63405 6.03284 46.85575 -39.82336 47.96490 -18.30793 -0.00000 0.00000 -65.08660
0.00000 0.82363 0.00000 9.74600 52.27200 23.21200 0.00000 -0.00000 0.00000 -9.04031 -3.90254 -65.43738 8.39975 16.40554 53.99009 0.25129 4.26883 -12.02042 0.34899 -3.79570 -10.50260 0.00000 -0.00000 0.00000 0.91002 5.34698 -48.76564 -13.39544 -18.92032 70.34931 -2.49437 12.87074 -28.55233 -0.10512 2.09069 -5.75636 2.15313 -1.05030 36.74390 -0.89668 0.02144 9.19708 -2.12644 0.28731 -8.02660 5.45404 11.16990 -29.75570 -19.78720 19.36030 19.63590 -4.42273 6.42488 14.57710 0.00000 0.00000 0.00000 -96.48965 -33.84998 112.71123 32.88426 -43.24089 -13.34271 0.00000 -0.00000 -3.32110 0.00000 0.00000 0.00000 77.28651 3.89184 47.26098 -42.70692 49.59434 -20.47731 -0.00000 0.00000 -67.20790
0.00000 0.81417 0.00000 6.79200 48.60700 20.88200 0.00000 -0.00000 0.00000 -5.69538 -4.27111 -66.39527 7.41604 15.67246 50.43084 0.20759 5.29618 -12.17281 0.22557 -3.05713 -8.43784 0.00000 -0.00000 0.00000 0.66162 4.65422 -47.94162 -13.74089 -19.03356 71.41158 -2.53534 16.29657 -29.21701 -0.28755 3.44856 -9.53017 0.73074 -0.28259 38.47260 -1.35617 0.38017 9.03176 -2.01716 0.44508 -8.79126 5.63149 12.43380 -28.54170 -19.99370 20.93940 18.75020 -4.11513 7.22971 14.25640 -0.00000 0.00000 0.00000 -97.93536 -34.45200 115.87622 31.16970 -41.87513 -12.18296 0.00000 -0.00000 -5.37876 -0.00000 0.00000 0.00000 76.47563 2.75140 48.73234 -43.42451 49.97288 -21.02528 -0.00000 0.00000 -67.97370
0.00000 0.80501 0.00000 2.85300 46.95400 17.93100 0.00000 -0.00000 0.00000 -2.79581 -4.60245 -67.80394 9.41165 17.06544 57.50314 0.07199 4.65424 -8.76343 0.15620 -2.54655 -7.01875 0.00000 -0.00000 0.00000 0.49358 3.72671 -45.85487 -13.93412 -19.09394 72.00318 -2.33004 18.33310 -28.51869 -0.39758 4.04843 -11.21294 1.10381 -1.65046 38.63880 -3.85711 -1.44581 9.32947 -4.15955 -0.35530 -8.68573 5.84446 13.27660 -28.43220 -18.16090 21.19690 18.13510 -3.37181 7.59246 13.69280 0.00000 -0.00000 0.00000 -94.43997 -35.81198 117.22685 29.38361 -40.35917 -11.00827 0.00000 -0.00000 -9.65015 0.00000 -0.00000 0.00000 81.34868 4.83698 48.93347 -39.09474 47.52432 -17.76863 -0.00000 0.00000 -68.04470
0.00000 0.80877 0.00000 -0.14100 44.22000 15.33700 0.00000 -0.00000 0.00000 -2.45833 -3.60331 -66.69436 11.28345 18.07102 63.69868 0.25995 3.26252 -11.39975 0.05385 -1.49744 -4.11866 0.00000 -0.00000 0.00000 -0.60604 4.49614 -43.25028 -13.86356 -19.07214 71.78738 -1.60243 17.00733 -24.01221 -1.58390 7.93952 -22.53053 -5.63068 1.83950 38.67270 -2.37212 0.38164 8.89754 0.20904 0.47901 -8.94777 2.61826 12.16320 -30.76400 -15.64800 20.88060 21.35530 -1.99674 7.11268 14.66480 -0.00000 0.00000 0.00000 -99.03431 -36.55111 121.28061 26.08828 -37.29576 -8.94109 0.00000 -0.00000 -7.92076 -0.00000 0.00000 0.00000 80.21620 4.75641 47.40149 -35.35939 45.06706 -15.06722 -0.00000 0.00000 -67.57850
0.00000 0.81872 0.00000 -2.88300 45.39300 13.98400 0.00000 -0.00000 0.00000 -1.97712 -4.21960 -65.37400 11.92221 18.35757 65.74204 0.58687 0.09442 -14.51079 0.00071 -0.17172 -0.47181 0.00000 -0.00000 0.00000 0.96163 4.45992 -42.46873 -14.02186 -19.12066 72.27124 -1.24493 10.87965 -20.23071 -2.43841 9.72506 -28.09089 -7.49788 2.42018 36.60420 -2.81717 0.48233 8.55784 0.69624 0.52728 -8.58311 0.74434 10.42610 -32.99060 -10.94810 18.67540 26.41930 -0.38183 6.13933 16.20090 0.00000 -0.00000 0.00000 -99.39126 -36.49968 123.58383 23.94393 -35.10491 -7.67428 0.00000 -0.00000 -6.26781 0.00000 -0.00000 0.00000 81.54143 5.57111 48.72043 -32.56148 42.99025 -13.12210 -0.00000 0.00000 -66.18680
0.00000 0.83110 0.00000 -2.68800 45.58700 15.34000 0.00000 -0.00000 0.00000 -3.52134 -4.76391 -63.63273 11.75949 18.28712 65.22443 0.87969 -1.56212 -17.26518 0.01881 -0.88550 -2.43382 0.00000 -0.00000 0.00000 2.03779 5.07837 -45.32895 -13.10641 -18.82024 69.45568 -1.53658 2.96081 -22.66638 -2.95843 10.62745 -31.03350 -9.95840 2.88117 35.27140 -3.28415 0.21333 8.02116 1.58449 0.43280 -8.61562 0.56365 9.69178 -34.01530 -11.54720 18.13580 27.06810 -0.70952 5.69718 16.77840 -0.00000 0.00000 0.00000 -97.67779 -36.22054 122.97601 24.45539 -35.64213 -7.97038 0.00000 -0.00000 -8.88781 -0.00000 0.00000 0.00000 80.86309 6.33903 52.88805 -31.77289 42.36537 -12.58752 -0.00000 0.00000 -65.67020
0.00000 0.83995 0.00000 -1.82500 44.93500 15.08900 0.00000 -0.00000 0.00000 -5.58950 -4.64359 -59.55995 11.50226 18.17222 64.40216 1.22787 -1.99944 -20.38254 0.02347 -0.98903 -2.71864 0.00000 -0.00000 0.00000 0.43406 7.94135 -47.25350 -11.74076 -18.27890 65.16470 -1.26495 1.29478 -20.87876 -1.85506 8.55741 -24.42036 -11.11000 3.26960 34.86080 -3.28239 0.37938 8.24035 2.11870 0.50051 -8.19620 0.74910 9.37202 -33.75510 -12.93080 17.83590 25.75180 -1.38558 5.50833 16.31590 0.00000 -0.00000 0.00000 -95.61018 -36.16540 121.21238 26.39025 -37.59148 -9.12468 0.00000 -0.00000 -7.05886 0.00000 -0.00000 0.00000 80.05748 6.84295 53.81427 -33.27608 43.54116 -13.61188 -0.00000 0.00000 -64.58410
0.00000 0.84383 0.00000 -1.74600 46.57500 14.83900 0.00000 -0.00000 0.00000 -5.37792 -5.38175 -57.15854 11.39705 18.12396 64.06437 1.37326 -2.64474 -21.44698 0.00010 -0.06589 -0.18104 0.00000 -0.00000 0.00000 -0.73267 11.17442 -50.13365 -10.32483 -17.58851 60.56862 -1.02644 4.49915 -18.17363 -1.30105 7.22622 -20.38732 -10.47000 2.49694 34.69030 -2.31558 -0.30111 7.74310 3.08577 0.19001 -8.65034 3.96946 11.56970 -30.74100 -16.30070 19.26990 19.73370 -2.83614 6.56643 14.03240 0.00000 -0.00000 0.00000 -92.74666 -34.35175 118.06346 29.25595 -40.24704 -10.92569 0.00000 -0.00000 -6.72931 0.00000 -0.00000 0.00000 79.72278 5.80218 52.50608 -38.60447 47.22102 -17.40790 -0.00000 0.00000 -61.29640
0.00000 0.84811 0.00000 -0.01400 50.46900 15.59700 0.00000 -0.00000 0.00000 -5.40525 -8.26537 -54.01952 11.05975 17.96420 62.97546 1.52541 -3.61214 -22.45859 0.00029 -0.10945 -0.30072 0.00000 -0.00000 0.00000 -3.36570 14.79519 -52.27384 -8.64459 -16.57349 54.85269 -0.80511 8.38821 -16.17536 -1.63974 8.07150 -22.93147 -7.26949 0.80814 36.03670 -0.71371 -1.24179 7.32005 3.50314 -0.24617 -9.64239 8.36817 16.65620 -24.47290 -23.96020 24.63460 8.75317 -4.92468 9.72389 11.22310 0.00000 0.00000 0.00000 -89.56925 -33.68358 115.29753 33.87550 -43.99227 -14.02652 0.00000 -0.00000 -8.74619 0.00000 0.00000 0.00000 79.55972 4.37130 50.07738 -45.39217 50.95916 -22.54294 -0.00000 0.00000 -58.29210
0.00000 0.83768 0.00000 8.61100 57.31700 22.95000 0.00000 -0.00000 0.00000 -10.14013 -5.14764 -56.45530 11.44391 18.14555 64.21493 0.87690 -11.36250 -17.37537 0.02493 -1.01925 -2.80179 0.00000 -0.00000 0.00000 -8.06378 14.33567 -52.95245 -9.79554 -17.29326 58.80280 -1.11103 3.76997 -19.02433 -0.78110 5.64248 -15.75054 -2.55978 -1.05094 35.49830 -0.13895 -1.73268 6.87411 1.84110 -0.52570 -10.07770 10.18910 19.12900 -19.32420 -28.47260 28.70510 6.90327 -5.79002 11.91980 11.59370 -0.00000 -0.00000 0.00000 -89.72678 -32.45718 113.66584 36.32231 -45.73358 -15.75286 0.00000 -0.00000 -9.69953 -0.00000 -0.00000 0.00000 79.54044 0.84206 47.06006 -53.43303 54.28963 -28.93936 -0.00000 0.00000 -56.03780
0.00000 0.82417 0.00000 22.73300 62.84700 36.00400 0.00000 -0.00000 0.00000 -16.30599 1.30110 -61.02589 11.93131 18.36146 65.77094 -0.16126 -19.43673 -12.25539 2.11757 -9.10679 -26.12995 0.00000 -0.00000 0.00000 -12.01355 12.22460 -53.43603 -12.25745 -18.49737 66.80256 -1.86765 -0.90996 -26.19168 -0.80027 5.70970 -15.94441 1.94136 -2.15148 33.72580 -2.02086 -1.65097 7.59913 -2.59998 -0.51972 -8.93115 12.52320 20.43590 -15.62490 -30.15850 31.35550 8.29815 -6.11848 13.31810 12.81740 0.00000 0.00000 0.00000 -89.49053 -33.83028 114.78285 36.71416 -45.99806 -16.03410 0.00000 -0.00000 -11.62030 0.00000 0.00000 0.00000 79.63482 -0.23867 47.29001 -57.26070 55.53468 -32.07200 -0.00000 0.00000 -57.26210
0.00000 0.81100 0.00000 38.08600 68.25200 50.02100 0.00000 -0.00000 0.00000 -14.71502 2.11991 -60.16140 11.10363 17.98542 63.11765 0.50863 -8.60570 -13.19310 1.10780 -6.68722 -18.79198 0.00000 -0.00000 0.00000 -12.53082 9.13928 -52.72661 -14.36235 -19.22027 73.30809 -2.49885 -4.28048 -31.61578 -0.91519 6.09554 -17.06188 3.92527 -2.63646 33.41740 -3.36537 -1.60261 8.27092 -5.11950 -0.42303 -8.18612 13.19610 20.90240 -14.29860 -29.27740 32.62790 10.69210 -5.66201 13.87710 13.69510 -0.00000 -0.00000 0.00000 -89.50982 -34.20574 114.99520 35.89962 -45.44393 -15.45092 0.00000 -0.00000 -11.00860 -0.00000 -0.00000 0.00000 79.42120 0.53790 47.66302 -55.34618 54.93659 -30.49915 -0.00000 0.00000 -58.55560
0.00000 0.79742 0.00000 53.70900 72.37300 64.31600 0.00000 -0.00000 0.00000 -7.74779 0.55734 -54.30845 8.97652 16.79259 56.00890 0.38528 4.99644 -14.63235 0.02586 -1.03823 -2.85402 0.00000 -0.00000 0.00000 -11.28827 5.31802 -51.08393 -15.84821 -19.58161 77.77914 -3.18927 -4.79398 -35.66411 -0.69668 5.33553 -14.86808 3.33102 -2.50308 33.34330 -4.47358 -1.64131 8.41200 -5.97787 -0.37537 -8.05818 13.90970 20.66380 -12.24570 -29.39910 32.68260 11.34870 -5.99413 14.06020 13.75140 0.00000 0.00000 0.00000 -91.42622 -34.32143 115.57028 33.76465 -43.90960 -13.94959 0.00000 -0.00000 -12.72310 0.00000 0.00000 0.00000 81.31750 1.55301 47.17951 -48.30440 52.28832 -24.82633 -0.00000 0.00000 -60.14460
0.00000 0.78882 0.00000 68.95500 75.29800 80.16260 0.00000 -0.00000 0.00000 -2.36872 -1.08646 -50.09807 6.65645 15.03564 47.56270 -0.64978 14.10766 -5.06241 0.02844 -1.08866 -2.99278 0.00000 -0.00000 0.00000 -10.46969 2.67494 -50.96666 -16.69757 -19.73649 80.30347 -3.41913 -7.13737 -37.90870 -1.01987 6.42472 -18.02182 1.68905 -1.82151 33.27140 -5.36630 -1.36771 8.13619 -6.15760 -0.21341 -8.30767 13.64970 20.31490 -12.70890 -28.51380 32.18300 12.08070 -5.81430 13.74890 13.72010 -0.00000 -0.00000 0.00000 -93.64061 -34.10897 114.95888 30.60896 -41.40967 -11.81035 0.00000 -0.00000 -5.38638 -0.00000 -0.00000 0.00000 82.53580 1.34328 46.44443 -44.18239 50.36159 -21.60727 -0.00000 0.00000 -62.52980
0.00000 0.78077 0.00000 94.46180 77.87000 107.70100 0.00000 -0.00000 0.00000 -2.23727 -0.97022 -54.03504 6.57263 14.96119 47.23881 -0.16556 7.19415 -2.62641 1.96038 -8.78306 -25.11902 0.00000 -0.00000 0.00000 -9.85235 0.49785 -50.81066 -16.95358 -19.77602 81.06085 -3.14635 -11.77404 -39.12200 -1.72329 8.26423 -23.51956 0.89021 -1.45142 33.48500 -5.49378 -1.11429 7.97412 -5.96297 -0.06364 -8.52364 13.07030 19.86310 -13.76860 -28.32240 31.37280 11.73280 -5.83937 13.30170 13.43420 0.00000 0.00000 0.00000 -95.57012 -34.38423 117.37998 28.74916 -39.79682 -10.59978 0.00000 -0.00000 -4.72200 0.00000 0.00000 0.00000 83.23221 1.46226 44.87040 -39.95348 48.04231 -18.40464 -0.00000 0.00000 -63.51300
0.00000 0.77499 0.00000 126.87820 76.25000 141.76990 0.00000 -0.00000 0.00000 -3.67530 -3.50898 -61.40904 8.01034 16.12685 52.59993 0.00909 0.40364 -1.99791 1.18333 -6.90365 -19.43023 0.00000 -0.00000 0.00000 -10.34131 -1.98406 -47.74580 -16.63741 -19.72672 80.12529 -3.18268 -14.20708 -40.84271 -1.60687 7.99414 -22.69628 -0.82781 -0.90585 35.95700 -4.92042 -0.85506 7.80151 -4.55086 0.13642 -9.53284 11.94620 19.20150 -15.89580 -27.53900 30.76230 13.13440 -5.49446 12.71190 13.87840 -0.00000 -0.00000 0.00000 -100.05144 -34.82578 121.33250 25.95672 -37.16595 -8.86149 0.00000 -0.00000 -3.91115 -0.00000 -0.00000 0.00000 83.29532 0.50866 41.76782 -37.81071 46.71799 -16.82766 -0.00000 0.00000 -64.14580
0.00000 0.77397 0.00000 143.75140 73.68700 160.40570 0.00000 -0.00000 0.00000 -4.44760 -6.28973 -67.05977 9.87395 17.33836 59.06623 -0.00681 -5.01245 -3.27823 0.60744 -4.98868 -13.87628 0.00000 -0.00000 0.00000 -10.80690 -2.58776 -43.15023 -15.32968 -19.46881 76.22777 -2.96750 -16.70702 -41.61025 -1.73114 8.28204 -23.57406 -2.62574 0.09045 37.80790 -4.81696 -0.19395 7.67039 -3.80955 0.53160 -10.12010 10.82180 18.78970 -18.00270 -26.87000 30.34560 13.87470 -5.10948 12.25210 14.13700 -0.00000 -0.00000 0.00000 -102.64012 -34.36804 125.30623 23.83404 -34.98827 -7.61118 0.00000 -0.00000 -7.43033 -0.00000 -0.00000 0.00000 83.73203 0.80855 40.33378 -33.35819 43.60354 -13.66847 -0.00000 0.00000 -64.91090
0.00000 0.78050 0.00000 156.33090 72.71500 173.71405 0.00000 -0.00000 0.00000 -3.34253 -9.68861 -69.01197 11.58850 18.21123 64.67839 0.10826 -7.65260 -7.46279 0.31826 -3.62638 -10.02785 0.00000 -0.00000 0.00000 -9.69175 -3.17744 -37.54838 -13.22520 -18.86196 69.82350 -2.33457 -19.03555 -40.57110 -1.71145 8.23725 -23.43705 -3.44256 0.73154 39.42270 -5.17751 0.24696 7.56801 -4.00092 0.79315 -10.75220 8.39367 17.45060 -22.12740 -22.10630 27.48340 15.50500 -3.72878 10.76510 13.49760 0.00000 -0.00000 0.00000 -104.32492 -33.90488 129.16925 20.81911 -31.61659 -5.95483 0.00000 -0.00000 -6.77915 0.00000 -0.00000 0.00000 83.84516 2.01940 41.35242 -28.53192 39.60134 -10.46102 -0.00000 0.00000 -64.71090
0.00000 0.79496 0.00000 164.75080 73.75300 -177.00789 0.00000 -0.00000 0.00000 -2.96888 -11.70973 -68.37580 12.44920 18.57415 67.40572 0.48866 -8.54872 -12.95697 0.29442 -3.48916 -9.64372 0.00000 -0.00000 0.00000 -8.79912 -3.24318 -36.31145 -11.72569 -18.27227 65.11666 -0.22694 -23.47853 -34.41381 -0.80516 5.72670 -15.99348 -5.74889 1.13746 39.55150 -5.72285 -0.20293 7.59490 -3.20802 0.66007 -10.71760 0.26155 9.32610 -30.85910 -8.33104 14.80940 16.91920 -0.37695 5.65404 11.17920 -0.00000 -0.00000 0.00000 -105.06834 -33.96669 129.72492 19.62358 -30.18616 -5.34078 0.00000 -0.00000 -5.43919 -0.00000 -0.00000 0.00000 84.06544 2.91462 44.45710 -27.04380 38.22093 -9.52621 -0.00000 0.00000 -64.63630
0.00000 0.81150 0.00000 179.43373 76.38000 -161.23900 0.00000 -0.00000 0.00000 -0.12599 -13.42273 -67.13836 12.74925 18.68975 68.34486 0.96063 -7.00129 -17.49891 0.08170 -1.84376 -5.07405 0.00000 -0.00000 0.00000 -4.34179 -1.39371 -38.90310 -10.38953 -17.62315 60.78251 -0.22983 -22.41877 -33.05711 -0.26150 3.28985 -9.08679 -7.02906 1.63274 38.98840 -5.05186 -0.21638 6.90652 -1.80626 0.60772 -11.25400 -6.24101 0.12221 -31.15290 2.78801 2.25729 14.14940 2.35063 1.06015 9.33233 0.00000 0.00000 0.00000 -105.47023 -33.31918 127.67273 18.82039 -29.19489 -4.94293 0.00000 -0.00000 -4.20075 0.00000 0.00000 0.00000 83.21424 2.59904 47.77007 -28.25399 39.34901 -10.28433 -0.00000 0.00000 -64.61280
0.00000 0.82761 0.00000 -174.98106 79.27900 -154.99500 0.00000 -0.00000 0.00000 -1.78639 -12.88855 -64.20788 12.54448 18.61146 67.70457 1.32626 -6.48655 -20.60058 0.04554 -1.37729 -3.78755 0.00000 -0.00000 0.00000 -1.28313 -1.49164 -44.24548 -10.24146 -17.54341 60.29237 -0.32166 -20.64580 -31.36984 -0.37153 3.91508 -10.83789 -9.09095 1.86381 37.94100 -4.89000 -0.68463 6.81891 -0.35131 0.40803 -10.88680 -7.15356 -2.63196 -31.16890 6.18071 -1.76048 12.99090 3.05441 -0.40983 9.16987 0.00000 -0.00000 0.00000 -103.24566 -33.44200 125.54192 20.03447 -30.68385 -5.54893 0.00000 -0.00000 -4.26396 0.00000 -0.00000 0.00000 83.57813 2.66749 48.34508 -30.59998 41.40214 -11.80442 -0.00000 0.00000 -63.92910
0.00000 0.83990 0.00000 -173.47748 81.80840 -153.10330 0.00000 -0.00000 0.00000 -5.36920 -9.69242 -61.95747 12.19088 18.47018 66.59257 1.49315 -6.66499 -21.88635 0.19468 -2.84137 -7.83742 0.00000 -0.00000 0.00000 1.22747 -1.23655 -49.95958 -10.76815 -17.81975 62.02634 -0.39404 -18.43995 -29.12382 -0.27957 3.40074 -9.39651 -10.24630 1.72039 36.89410 -4.36147 -1.15135 6.94132 1.02267 0.16939 -10.27880 -6.50427 -2.40417 -31.96470 6.16280 -1.64324 12.77030 2.96735 -0.30282 9.19854 -0.00000 -0.00000 0.00000 -99.33318 -33.77876 122.80914 23.33836 -34.45674 -7.32884 0.00000 -0.00000 -6.75494 -0.00000 -0.00000 0.00000 82.68887 2.75945 49.29676 -33.86584 43.98508 -14.01981 -0.00000 0.00000 -63.07170
0.00000 0.84723 0.00000 -174.16014 84.04600 -153.09730 0.00000 -0.00000 0.00000 -7.43953 -8.12345 -60.29730 11.93144 18.36152 65.77136 1.69454 -6.36370 -23.38145 0.15769 -2.55861 -7.05220 0.00000 -0.00000 0.00000 3.64574 0.15988 -55.11702 -11.24306 -18.05199 63.56842 -0.87264 -12.69141 -26.40049 -0.35215 3.81265 -10.55017 -10.25520 1.42104 35.77430 -3.73811 -1.41661 6.82454 1.82621 -0.00869 -9.97352 -6.41692 -2.25821 -32.06130 5.88948 -1.40035 12.42100 2.89061 -0.21377 9.06708 0.00000 0.00000 0.00000 -96.01135 -33.51822 120.24358 26.38993 -37.59117 -9.12449 0.00000 -0.00000 -7.04262 0.00000 0.00000 0.00000 81.03091 3.39667 51.37378 -36.42291 45.80185 -15.82494 -0.00000 0.00000 -62.68110
0.00000 0.84978 0.00000 163.98640 86.71720 -175.13381 0.00000 -0.00000 0.00000 -10.15362 -7.24190 -57.35998 11.82119 18.31404 65.42093 2.08783 -4.33624 -26.31786 0.39423 -4.03155 -11.16544 0.00000 -0.00000 0.00000 4.80159 1.85608 -57.78410 -11.48847 -18.16594 64.35792 -1.40197 -5.73319 -25.08980 -0.16668 2.63024 -7.25094 -10.62280 1.29666 34.64490 -2.94002 -1.57507 6.65420 2.94931 -0.12769 -9.69248 -5.57708 -1.25342 -31.90710 2.94340 0.17371 12.79500 1.95771 0.18528 9.06499 0.00000 -0.00000 0.00000 -94.82723 -32.00047 117.43925 28.02690 -39.14099 -10.14066 0.00000 -0.00000 -8.19644 0.00000 -0.00000 0.00000 79.94902 4.12314 52.12674 -37.28261 46.37495 -16.44429 -0.00000 0.00000 -60.95460
0.00000 0.84962 0.00000 97.13200 87.29480 117.47240 0.00000 -0.00000 0.00000 -12.50190 -5.14872 -54.45438 11.97508 18.38009 65.90981 2.35126 -4.33887 -28.00331 0.41155 -4.11808 -11.40911 0.00000 -0.00000 0.00000 4.30032 2.88480 -55.98725 -11.46073 -18.15326 64.26894 -1.83831 -6.41904 -28.58715 -0.21401 2.97827 -8.21827 -9.36698 0.67923 32.63400 -2.58593 -1.73695 6.65405 2.80382 -0.30071 -9.08646 -3.23550 0.62704 -32.84370 -3.09730 3.14109 15.77620 -0.07000 0.83194 10.32510 0.00000 0.00000 0.00000 -94.94847 -30.60344 115.63008 27.52649 -38.67665 -9.82636 0.00000 -0.00000 -8.53209 0.00000 0.00000 0.00000 81.01585 5.16004 51.63941 -34.33301 44.32994 -14.34526 -0.00000 0.00000 -60.42600
0.00000 0.84584 0.00000 75.63500 86.11790 94.34890 0.00000 -0.00000 0.00000 -11.73078 -2.58817 -55.47700 14.56849 19.27748 73.93338 1.24472 -4.20238 -20.11969 0.71195 -5.39247 -15.03141 0.00000 -0.00000 0.00000 3.89425 2.65555 -51.40594 -11.48464 -18.16419 64.34564 -2.44350 -4.22828 -31.26415 -0.49011 4.48878 -12.45600 -5.82962 -0.60352 31.66670 -2.20467 -2.09179 7.25091 1.61170 -0.56803 -8.93923 -1.06019 3.89631 -33.72170 -11.48130 9.63331 20.99030 -2.35235 2.50090 13.25700 0.00000 0.00000 0.00000 -97.12373 -30.59842 114.18375 25.35103 -36.56062 -8.49812 0.00000 -0.00000 -6.56139 0.00000 0.00000 0.00000 81.83712 6.47743 51.76082 -30.44734 41.27375 -11.70360 -0.00000 0.00000 -61.00590
0.00000 0.84197 0.00000 61.47800 84.26300 79.32300 0.00000 -0.00000 0.00000 -10.99575 0.04984 -60.36078 15.95198 19.60250 78.08861 0.53620 -0.67309 -13.61724 1.22033 -7.00689 -19.73579 0.00000 -0.00000 0.00000 3.14719 2.11241 -49.29113 -11.94462 -18.36714 65.81319 -2.97566 -2.44669 -33.56379 -0.40814 4.10122 -11.36160 -3.81996 -1.38358 30.98520 -2.52165 -2.40617 7.72640 0.20139 -0.76508 -8.17299 1.26681 7.86016 -32.09320 -18.08420 17.21610 23.53870 -3.72340 4.98288 15.80790 0.00000 0.00000 0.00000 -98.18121 -31.74631 114.88937 23.75271 -34.90166 -7.56460 0.00000 -0.00000 -9.45345 0.00000 0.00000 0.00000 82.29287 8.14891 53.22109 -28.50162 39.57394 -10.44171 -0.00000 0.00000 -61.44500
0.00000 0.84592 0.00000 69.03200 83.91420 87.12840 0.00000 -0.00000 0.00000 -9.16740 -3.32584 -62.33373 10.49175 17.67726 61.11966 0.57068 -3.15002 -13.54287 1.39891 -7.48215 -21.15188 0.00000 -0.00000 0.00000 3.09204 1.42216 -46.50293 -11.60816 -18.22005 64.74129 -3.15166 -4.20804 -35.21592 -0.68695 5.29889 -14.76306 -2.51628 -1.56871 32.59290 -2.53613 -2.24683 7.49092 -0.57312 -0.66419 -8.48843 1.49186 8.96792 -31.01570 -19.50180 19.21000 23.09880 -3.82823 5.77537 15.93430 0.00000 0.00000 0.00000 -98.91592 -32.24299 116.20143 23.12729 -34.22771 -7.20977 0.00000 -0.00000 -6.86060 0.00000 0.00000 0.00000 82.80600 7.61085 51.41977 -28.28368 39.37609 -10.30316 -0.00000 0.00000 -61.46240
0.00000 0.84804 0.00000 62.33700 83.91590 80.74120 0.00000 -0.00000 0.00000 -5.32448 -7.71613 -62.28447 6.01869 14.44643 45.05669 0.23381 -2.30634 -8.62513 1.93488 -8.72910 -24.95154 0.00000 -0.00000 0.00000 2.57300 1.77079 -42.98512 -11.09555 -17.98153 63.09147 -3.23006 -5.41388 -36.15009 -0.90101 6.04939 -16.92779 -3.00239 -0.78861 34.57920 -2.66923 -1.47408 7.44956 -0.73168 -0.26222 -9.27812 1.57460 8.99798 -30.99110 -19.98060 18.92120 21.51350 -4.03931 5.74357 15.25140 -0.00000 -0.00000 0.00000 -99.86713 -31.47041 116.05831 22.33513 -33.35371 -6.76918 0.00000 -0.00000 -2.44314 -0.00000 -0.00000 0.00000 82.03270 6.85469 51.97157 -28.20770 39.30674 -10.25499 -0.00000 0.00000 -62.37630
0.00000 0.83122 0.00000 41.53600 84.12910 60.64600 0.00000 -0.00000 0.00000 -2.88291 -9.61539 -66.03562 7.12151 15.43336 49.33239 0.00276 -3.52744 -2.59902 0.82565 -5.79735 -16.19757 0.00000 -0.00000 0.00000 1.06850 1.71728 -41.17578 -11.50207 -18.17213 64.40154 -3.50996 -4.27687 -37.08482 -1.61603 8.01578 -22.76201 -3.32023 -0.25981 35.66140 -3.16412 -1.04741 7.19848 -1.27944 -0.04920 -9.84277 1.56139 8.58571 -31.10450 -20.23420 17.56380 18.58950 -4.35370 5.37384 13.84790 0.00000 0.00000 0.00000 -101.00625 -30.84903 116.06817 21.26606 -32.13760 -6.19087 0.00000 -0.00000 -0.96865 0.00000 0.00000 0.00000 81.63887 6.63629 53.06433 -27.59185 38.73777 -9.86723 -0.00000 0.00000 -63.69480
0.00000 0.81220 0.00000 24.53500 82.97300 45.13200 0.00000 -0.00000 0.00000 -3.13317 -10.70481 -71.69295 10.76980 17.82058 62.03173 0.15181 -3.14002 -6.94374 0.27341 -3.36335 -9.29204 0.00000 -0.00000 0.00000 -1.97043 2.46083 -39.48247 -11.71174 -18.26612 65.07216 -3.59471 -5.23269 -37.90455 -2.55439 9.93614 -28.77017 -4.99228 0.35636 36.00480 -3.78764 -1.05170 6.71594 -1.07335 -0.01722 -10.46910 0.42400 7.63067 -32.95490 -17.14130 15.24200 16.82820 -3.45238 4.67390 12.63100 0.00000 -0.00000 0.00000 -102.31433 -31.35566 118.17262 19.71221 -30.29405 -5.38542 0.00000 -0.00000 -2.70959 0.00000 -0.00000 0.00000 82.97877 6.10938 51.74182 -26.41160 37.61227 -9.13771 -0.00000 0.00000 -63.17290
0.00000 0.80974 0.00000 12.02900 82.27150 33.78500 0.00000 -0.00000 0.00000 -5.05770 -10.42376 -72.91266 12.72218 18.67954 68.26035 0.41756 -6.43658 -11.67931 0.04651 -1.39186 -3.82769 0.00000 -0.00000 0.00000 -3.06823 3.36017 -36.10461 -10.76139 -17.81633 62.00426 -3.01307 -8.91817 -36.79418 -2.89019 10.51514 -30.66155 -5.75071 0.85871 35.54840 -3.80469 -0.72789 6.49912 -0.81785 0.13061 -10.52100 0.35736 7.09940 -33.18150 -15.67490 13.93400 16.30020 -3.17173 4.29478 12.13680 -0.00000 -0.00000 0.00000 -102.63484 -31.93158 121.06120 19.33798 -29.83648 -5.19793 0.00000 -0.00000 -2.06941 -0.00000 -0.00000 0.00000 84.57595 6.68676 49.71469 -23.21047 34.31816 -7.25661 -0.00000 0.00000 -58.83480
0.00000 0.82586 0.00000 -2.43100 81.89360 20.38100 0.00000 -0.00000 0.00000 -6.17731 -10.61529 -70.59630 12.76835 18.69692 68.40445 0.62524 -7.77311 -14.29339 0.00183 0.27637 0.75934 0.00000 -0.00000 0.00000 -0.95284 2.99465 -32.31833 -8.60614 -16.54748 54.71778 -2.08861 -13.73108 -35.05842 -2.05307 8.97575 -25.71951 -5.74668 1.09361 35.04370 -3.58652 -0.44669 6.19837 -0.68905 0.23618 -10.67330 0.57088 7.04509 -34.37270 -13.60740 13.03230 15.71130 -2.61671 4.14719 11.79630 0.00000 -0.00000 0.00000 -99.38028 -32.20368 119.89761 22.72485 -33.78655 -6.98468 0.00000 -0.00000 -2.44074 0.00000 -0.00000 0.00000 86.19153 9.43189 48.71270 -17.75155 27.83787 -4.43261 -0.00000 0.00000 -47.35290
0.00000 0.84513 0.00000 -13.80000 79.68200 10.57600 0.00000 -0.00000 0.00000 -6.00398 -10.94678 -67.87392 12.14722 18.45219 66.45471 0.94842 -6.39822 -17.37301 0.00205 -0.29264 -0.80406 0.00000 -0.00000 0.00000 1.80677 2.47753 -31.23579 -6.63806 -15.01938 47.49178 -1.74596 -13.48579 -32.92252 -1.88585 8.62415 -24.62653 -5.88258 1.97872 31.83540 -3.39670 0.74416 5.79268 -0.77113 0.71579 -10.01930 -0.25415 5.85447 -34.12380 -10.86390 10.79320 14.19120 -1.94116 3.55635 10.70120 -0.00000 0.00000 0.00000 -93.95019 -32.90632 116.33269 30.29538 -41.14524 -11.60349 0.00000 -0.00000 -4.87473 -0.00000 0.00000 0.00000 86.47279 10.28300 46.46483 -15.25394 24.49867 -3.33053 -0.00000 0.00000 -28.92670
0.00000 0.86567 0.00000 -15.90800 76.34700 8.91700 0.00000 -0.00000 0.00000 -6.72217 -10.29204 -63.51195 11.03852 17.95389 62.90662 1.21049 -4.55868 -19.78765 0.00594 -0.49784 -1.36796 0.00000 -0.00000 0.00000 4.02925 3.42435 -31.15060 -5.51692 -13.94329 43.01073 -1.37002 -12.56312 -29.82058 -1.31632 7.26686 -20.50840 -7.61919 3.03560 27.64730 -3.19602 1.86895 5.87586 0.12391 1.20120 -8.79078 -0.67477 5.07142 -33.22260 -9.35216 9.31282 12.38860 -1.62537 3.18408 9.67608 -0.00000 -0.00000 0.00000 -84.99045 -33.13689 106.11263 40.91523 -48.60288 -19.12298 0.00000 -0.00000 -8.97919 -0.00000 -0.00000 0.00000 84.03479 9.60494 50.66821 -19.65357 30.22270 -5.35587 -0.00000 0.00000 -21.58890
0.00000 0.88238 0.00000 -15.46100 75.01600 9.09000 0.00000 -0.00000 0.00000 -8.09992 -9.86384 -58.73107 9.72577 17.25274 58.56784 1.33977 -3.67548 -20.98273 0.00128 -0.23102 -0.63474 0.00000 -0.00000 0.00000 6.46511 4.06758 -31.77716 -5.08423 -13.47803 41.18532 -1.23295 -13.14812 -29.41001 -0.73969 5.49427 -15.32385 -8.38030 2.96575 23.87730 -3.15804 1.89019 5.36300 0.72765 1.17737 -7.48222 -0.08436 5.29934 -32.59290 -8.37072 9.10634 12.63690 -1.41424 3.23213 9.61208 0.00000 -0.00000 0.00000 -74.82668 -30.65746 91.65892 44.89593 -50.71739 -22.15817 0.00000 -0.00000 -9.65728 0.00000 -0.00000 0.00000 83.27544 8.96327 50.99924 -24.95198 36.15487 -8.26156 -0.00000 0.00000 -26.44270
0.00000 0.89675 0.00000 -12.65000 74.37800 10.96500 0.00000 -0.00000 0.00000 -9.93722 -9.52135 -53.65451 8.55477 16.51251 54.53722 1.42555 -2.67125 -21.86058 0.00166 -0.26274 -0.72190 0.00000 -0.00000 0.00000 7.95084 4.33260 -32.63760 -4.92547 -13.29937 40.49970 -1.00987 -13.42649 -28.11477 -0.55119 4.75603 -13.21400 -8.99813 3.05452 20.25010 -3.04956 2.21794 4.94874 1.23497 1.29286 -6.10391 0.73703 5.64475 -31.57080 -8.42123 9.25898 13.40250 -1.54041 3.32083 9.77614 -0.00000 0.00000 0.00000 -66.55992 -28.40119 81.00912 42.52012 -49.49409 -20.33517 0.00000 -0.00000 -4.94548 -0.00000 0.00000 0.00000 83.44150 7.16653 48.83503 -29.57145 40.52322 -11.13011 -0.00000 0.00000 -33.41410
0.00000 0.91022 0.00000 -8.60200 74.27500 14.13100 0.00000 -0.00000 0.00000 -12.00443 -8.14012 -49.22102 7.22436 15.51795 49.71786 1.29756 -2.60842 -20.83385 0.00069 0.17007 0.46727 0.00000 -0.00000 0.00000 7.73426 3.73707 -34.73258 -5.22593 -13.63380 41.78987 -0.49267 -14.03221 -24.71988 -0.49961 4.53145 -12.57684 -9.51440 3.00264 17.68080 -2.94946 2.31764 4.60965 1.70194 1.31096 -5.14352 0.68651 5.58012 -31.48760 -8.08860 9.20675 14.52410 -1.42112 3.28034 10.14380 0.00000 -0.00000 0.00000 -59.77599 -25.74417 74.05787 40.21703 -48.19795 -18.60086 0.00000 -0.00000 -3.67365 0.00000 -0.00000 0.00000 83.44733 6.24652 46.88025 -30.25000 41.10672 -11.57364 -0.00000 0.00000 -30.94050
0.00000 0.92173 0.00000 -7.68600 74.78700 14.41800 0.00000 -0.00000 0.00000 -12.56152 -6.76041 -45.55904 6.13241 14.55544 45.51085 1.15584 -2.46524 -19.65241 0.00006 0.04990 0.13711 0.00000 -0.00000 0.00000 6.66690 4.03340 -35.81462 -4.68193 -13.01639 39.42986 -0.45114 -8.87729 -18.88953 -0.38046 3.96133 -10.96790 -9.35049 2.75750 15.87300 -2.28560 2.20445 4.13349 2.40189 1.23356 -4.70209 0.63085 5.53900 -30.76930 -7.67422 9.14467 15.51210 -1.28156 3.27152 10.35740 -0.00000 0.00000 0.00000 -56.83535 -21.37709 67.64027 40.28979 -48.24065 -18.65512 0.00000 -0.00000 -3.43191 -0.00000 0.00000 0.00000 81.94264 4.08412 46.07525 -30.40302 41.23634 -11.67437 -0.00000 0.00000 -28.93190
0.00000 0.92761 0.00000 -7.03400 75.88300 14.27900 0.00000 -0.00000 0.00000 -12.46455 -5.45382 -42.72730 5.40263 13.82336 42.53441 1.09991 -2.35226 -19.17842 0.01933 -0.89769 -2.46735 0.00000 -0.00000 0.00000 4.69885 4.29682 -35.76486 -3.51269 -11.48205 33.92341 -0.31433 -8.67289 -17.08386 -0.87632 5.96813 -16.69197 -8.67846 2.37580 14.76980 -1.50670 1.92686 3.86870 2.94127 1.07659 -4.37096 -0.00546 4.82274 -29.21810 -6.89608 8.22962 15.73020 -1.08684 2.94028 10.07090 -0.00000 0.00000 0.00000 -57.92158 -17.17134 60.16987 42.03843 -49.23227 -19.96964 0.00000 -0.00000 -4.07407 -0.00000 0.00000 0.00000 79.66183 1.68656 45.58916 -31.82678 42.40864 -12.62385 -0.00000 0.00000 -28.34020
0.00000 0.93015 0.00000 -0.60800 77.52500 19.66600 0.00000 -0.00000 0.00000 -12.37188 -5.80784 -39.34284 4.69525 13.03216 39.48896 1.03579 -1.94309 -18.68349 0.07398 -1.75471 -4.82825 0.00000 -0.00000 0.00000 1.73505 5.27338 -34.24943 -2.15632 -9.18437 26.37376 -0.18513 -7.86245 -14.45371 -1.07455 6.58935 -18.50435 -8.29220 1.78849 14.40200 -1.43040 1.26728 3.95297 2.94000 0.73846 -4.00102 -0.76879 4.02888 -29.71020 -6.16271 7.35607 16.51190 -0.84809 2.54017 10.33920 0.00000 -0.00000 0.00000 -61.91640 -13.87037 50.54625 43.58798 -50.05768 -21.15053 0.00000 -0.00000 -5.37867 0.00000 -0.00000 0.00000 79.36984 0.29742 43.87623 -34.14613 44.19270 -14.21483 -0.00000 0.00000 -27.01160
0.00000 0.93065 0.00000 7.36300 77.79900 26.68400 0.00000 -0.00000 0.00000 -11.55515 -5.90890 -35.71969 3.98985 12.14688 36.25357 0.95352 -0.44340 -18.31609 0.28000 -3.40336 -9.40384 0.00000 -0.00000 0.00000 3.42555 3.09297 -35.87265 -2.51152 -9.85882 28.52073 -0.25618 -5.75375 -13.39195 -0.49803 4.52441 -12.55689 -8.12613 1.49811 13.79810 -1.82467 0.92565 3.61486 2.49719 0.57497 -3.98749 -0.81273 4.10537 -29.37000 -6.38187 7.57681 17.08200 -0.88246 2.59583 10.51050 0.00000 0.00000 0.00000 -67.16141 -9.59075 42.40648 44.15943 -50.34997 -21.58959 0.00000 -0.00000 -12.36450 0.00000 0.00000 0.00000 81.03931 -0.30426 43.03776 -35.04020 44.84082 -14.84170 -0.00000 0.00000 -27.55750
0.00000 0.93013 0.00000 9.07700 78.52800 27.16600 0.00000 -0.00000 0.00000 -8.90444 -6.13255 -31.07355 3.29198 11.15334 32.79879 0.85442 1.69519 -18.15252 0.66641 -5.22064 -14.53894 0.00000 -0.00000 0.00000 6.49695 3.02013 -35.56023 -3.07607 -10.81719 31.66581 -0.44932 -4.29015 -14.96714 -0.26809 3.33076 -9.20101 -7.07337 1.05980 12.38460 -1.10380 0.59172 3.18932 2.73599 0.38643 -3.63616 -0.97832 4.21782 -27.31920 -7.54035 8.11664 17.69950 -1.19752 2.71807 10.47160 0.00000 -0.00000 0.00000 -71.98194 -4.36652 39.59146 41.71607 -49.05437 -19.72582 0.00000 -0.00000 -20.44080 0.00000 -0.00000 0.00000 81.02334 -1.04420 44.40660 -34.75066 44.63326 -14.63790 -0.00000 0.00000 -27.20890
0.00000 0.93118 0.00000 10.54100 79.32400 28.13800 0.00000 -0.00000 0.00000 -6.76751 -7.48500 -27.28334 2.71336 10.21590 29.67876 0.72892 5.11325 -18.78386 0.62214 -5.04756 -14.04427 0.00000 -0.00000 0.00000 9.12403 3.22685 -34.92620 -3.45764 -11.40140 33.64590 -0.69481 -3.78433 -17.56885 -0.09610 1.99918 -5.50339 -4.90295 0.74143 10.36740 -0.72922 0.55620 3.15760 1.93092 0.32282 -2.55330 -0.48548 4.74462 -27.59050 -8.37892 9.13750 19.75080 -1.39433 3.01546 11.40330 -0.00000 -0.00000 0.00000 -75.84681 -0.56110 38.87733 36.77502 -46.03880 -16.07789 0.00000 -0.00000 -17.32890 -0.00000 -0.00000 0.00000 80.09359 -0.83840 43.67337 -33.94511 44.04401 -14.07489 -0.00000 0.00000 -26.72620
0.00000 0.93133 0.00000 14.57800 79.25700 31.92500 0.00000 -0.00000 0.00000 -6.65501 -7.26715 -24.88670 2.29389 9.45314 27.22335 0.50704 8.05793 -18.73511 0.78494 -5.65601 -15.78954 0.00000 -0.00000 0.00000 10.18509 3.21324 -34.85197 -3.77273 -11.85167 35.20925 -0.86842 -3.39841 -19.14803 -0.08741 1.90697 -5.24862 -3.86865 0.54472 8.77580 -0.47998 0.46003 2.96874 1.63022 0.25582 -1.86435 -0.02459 5.71297 -27.33650 -9.27644 10.93180 22.17090 -1.47068 3.63877 12.48130 0.00000 -0.00000 0.00000 -80.26110 2.90593 36.14420 31.31218 -41.99190 -12.27818 0.00000 -0.00000 -7.75999 0.00000 -0.00000 0.00000 78.51461 -0.98503 40.27006 -32.94612 43.28858 -13.38511 -0.00000 0.00000 -26.39200
0.00000 0.92854 0.00000 17.73800 80.28250 34.96200 0.00000 -0.00000 0.00000 -6.46713 -5.35773 -26.35327 2.46858 9.78056 28.26900 0.46009 8.03025 -18.18517 0.88531 -5.99787 -16.77823 0.00000 -0.00000 0.00000 11.06774 2.97041 -35.08271 -4.10226 -12.29525 36.78461 -1.03053 -3.24647 -20.60498 -0.04223 1.32638 -3.64732 -2.38629 0.53638 8.64033 -0.25606 0.59235 3.22543 1.01791 0.31997 -1.52335 0.50873 6.19012 -27.45340 -10.72810 12.04390 23.06190 -1.88668 3.94167 13.09910 -0.00000 0.00000 0.00000 -82.68820 4.32032 34.47275 28.25048 -39.34581 -10.28210 0.00000 -0.00000 -8.30975 -0.00000 0.00000 0.00000 76.75770 -0.63774 35.62146 -32.99021 43.32251 -13.41535 -0.00000 0.00000 -26.85960
0.00000 0.92486 0.00000 29.27400 82.70100 46.13900 0.00000 -0.00000 0.00000 -7.81406 -1.77890 -31.73423 3.22024 11.04332 32.42611 0.37611 7.80269 -16.97752 0.78121 -5.64288 -15.75168 0.00000 -0.00000 0.00000 11.28484 1.39456 -35.83076 -4.55074 -12.85926 38.84391 -1.21533 -3.39999 -22.30181 -0.03509 1.20917 -3.32452 -1.13770 0.23448 10.15140 -0.20087 0.32321 4.01188 0.39459 0.20669 -1.52599 0.57798 6.46149 -28.08410 -11.99570 12.88860 23.08650 -2.19793 4.12828 13.43360 0.00000 0.00000 0.00000 -81.76986 4.45612 37.86791 27.92754 -39.04944 -10.07800 0.00000 -0.00000 -15.88250 0.00000 0.00000 0.00000 75.10167 0.61250 34.65473 -33.58952 43.77829 -13.82827 -0.00000 0.00000 -25.73750
0.00000 0.91949 0.00000 40.49200 85.12140 57.30500 0.00000 -0.00000 0.00000 -8.90774 0.61617 -38.52101 4.15862 12.36854 37.04849 0.46264 5.38475 -15.95136 1.10581 -6.68139 -18.77483 0.00000 -0.00000 0.00000 12.06105 0.05325 -37.09097 -5.00395 -13.38824 40.83975 -1.33095 -3.60679 -23.35730 -0.02486 1.01796 -2.79824 0.04012 0.18621 12.67560 -0.24269 0.43498 4.83835 -0.33913 0.29917 -2.03415 0.52908 6.24536 -28.78510 -12.75850 12.74350 22.28360 -2.49194 3.97857 13.30730 -0.00000 -0.00000 0.00000 -79.43430 3.92795 43.06051 29.21015 -40.20668 -10.89611 0.00000 -0.00000 -29.57760 -0.00000 -0.00000 0.00000 74.15291 2.12835 41.33901 -36.29072 45.71209 -15.73024 -0.00000 0.00000 -22.12170
0.00000 0.91228 0.00000 43.24800 86.22290 60.76400 0.00000 -0.00000 0.00000 -9.60714 1.12563 -44.77887 5.10732 13.50364 41.28430 0.54781 4.51765 -16.36178 1.04563 -6.50285 -18.25062 0.00000 -0.00000 0.00000 12.30251 -1.16382 -39.89049 -5.63276 -14.06277 43.48944 -1.44826 -2.33896 -23.68281 -0.04137 1.31274 -3.60974 0.16760 0.90271 15.60670 -0.74599 1.43982 5.44512 -1.13794 0.82772 -2.94647 -0.36513 5.67734 -30.03040 -12.37680 12.19870 21.99990 -2.29469 3.67690 13.29350 0.00000 -0.00000 0.00000 -77.17550 3.16819 49.16054 32.38284 -42.85027 -13.00044 0.00000 -0.00000 -45.47160 0.00000 -0.00000 0.00000 75.09246 4.86702 53.06403 -40.84690 48.56372 -19.07175 -0.00000 0.00000 -19.34550
0.00000 0.89770 0.00000 39.40500 86.77260 57.00700 0.00000 -0.00000 0.00000 -10.42668 1.90862 -49.88399 6.75380 15.12102 47.93694 0.55989 4.93787 -16.79940 0.57658 -4.86251 -13.51683 0.00000 -0.00000 0.00000 11.49274 -2.07982 -42.78059 -6.75296 -15.12029 47.93371 -1.63768 -0.80969 -24.50553 -0.10301 2.06961 -5.69808 -0.51526 1.74994 19.04010 -1.83664 2.46422 6.27611 -2.20505 1.37846 -3.82419 0.34623 5.90968 -30.22350 -13.44550 12.53170 21.67120 -2.74567 3.75531 13.37880 0.00000 0.00000 0.00000 -75.81275 2.41636 53.07471 37.04401 -46.21773 -16.27181 0.00000 -0.00000 -57.53990 0.00000 0.00000 0.00000 79.40548 9.72193 65.97985 -43.91361 50.22502 -21.40049 -0.00000 0.00000 -17.87840
0.00000 0.87426 0.00000 29.02500 88.56940 46.73300 0.00000 -0.00000 0.00000 -9.59703 1.70605 -54.59457 8.88208 16.73123 55.68143 0.88096 1.39522 -18.28804 0.22832 -3.07562 -8.48934 0.00000 -0.00000 0.00000 11.03615 -3.41535 -45.98436 -8.43846 -16.43246 54.12704 -1.98351 0.73867 -26.44317 -0.22505 3.05362 -8.42806 -0.78931 2.54670 22.21380 -2.56371 3.52244 7.52869 -3.20013 1.97189 -4.02600 -0.30191 5.53491 -31.40930 -13.38670 12.26500 21.29710 -2.65748 3.56419 13.38330 -0.00000 -0.00000 0.00000 -74.36265 1.15909 52.59528 41.86253 -49.13547 -19.83652 0.00000 -0.00000 -62.34610 -0.00000 -0.00000 0.00000 84.35207 15.40075 78.13705 -46.19092 51.33875 -23.16500 -0.00000 0.00000 -18.59240
0.00000 0.85226 0.00000 163.93030 87.22360 -178.68661 0.00000 -0.00000 0.00000 -9.91122 -1.18302 -57.64318 11.01680 17.94330 62.83612 1.21013 -1.58972 -20.33196 0.23525 -3.12157 -8.61740 0.00000 -0.00000 0.00000 9.15304 -6.73942 -47.60957 -10.15657 -17.49696 60.01037 -2.38382 1.01555 -28.95587 -0.43370 4.22608 -11.71359 -2.63005 3.32169 26.68170 -2.97460 4.12350 8.33195 -3.03927 2.32707 -5.39692 -2.05180 3.31268 -33.18480 -10.14720 9.00887 21.79790 -1.80901 2.32968 13.30310 0.00000 -0.00000 0.00000 -73.04222 -2.77889 54.93590 42.49085 -49.47832 -20.31292 0.00000 -0.00000 -66.96170 0.00000 -0.00000 0.00000 88.48692 17.07669 85.30865 -49.09198 52.62265 -25.45080 -0.00000 0.00000 -15.22780
0.00000 0.83793 0.00000 -172.53589 83.58960 -153.71010 0.00000 -0.00000 0.00000 -8.44467 -3.43143 -61.21530 12.47056 18.58256 67.47275 1.44451 -4.69904 -21.67273 0.15226 -2.51439 -6.92954 0.00000 -0.00000 0.00000 9.41181 -7.69109 -49.29451 -11.27197 -18.06562 63.66167 -2.62187 -0.17861 -30.75603 -0.63371 5.09344 -14.17525 -3.51794 3.96780 29.54150 -3.29266 4.68849 8.76686 -3.27065 2.64621 -6.27547 -2.66015 2.50722 -35.87240 -8.88110 8.01755 22.58480 -1.43531 1.89281 13.94940 -0.00000 0.00000 0.00000 -74.00200 -6.05650 55.34904 42.37859 -49.41766 -20.22762 0.00000 -0.00000 -70.80480 -0.00000 0.00000 0.00000 92.72289 18.00997 88.07179 -50.00963 52.99938 -26.18185 -0.00000 0.00000 -18.53290
0.00000 0.83299 0.00000 -168.96920 79.93200 -149.97690 0.00000 -0.00000 0.00000 -8.24205 -5.29676 -61.62414 13.33235 18.89889 70.15465 1.67440 -6.38564 -23.23557 0.07810 -1.80277 -4.96091 0.00000 -0.00000 0.00000 9.60430 -9.69867 -47.63195 -11.46628 -18.15580 64.28673 -2.50718 -2.66693 -30.97263 -1.12444 6.73557 -18.93431 -3.92239 3.95345 32.51110 -4.04490 4.50789 8.84405 -3.76932 2.65769 -6.83862 0.34277 6.56249 -34.66910 -13.02390 14.08720 24.62510 -2.24209 4.06483 15.62000 -0.00000 0.00000 0.00000 -74.09315 -4.60108 54.55962 50.47688 -53.18603 -26.55546 0.00000 -0.00000 -68.48380 -0.00000 0.00000 0.00000 94.81509 17.59869 86.71358 -52.47673 53.94684 -28.16453 -0.00000 0.00000 -26.12360
0.00000 0.83468 0.00000 -165.94370 77.92000 -145.46200 0.00000 -0.00000 0.00000 -8.12237 -6.44715 -62.43097 13.63887 19.00083 71.09850 1.85003 -7.18925 -24.41903 0.07334 -1.74702 -4.80703 0.00000 -0.00000 0.00000 9.56656 -9.10160 -47.40962 -11.44355 -18.14538 64.21378 -2.08400 -4.99945 -29.42035 -1.20941 6.97662 -19.64613 -4.86760 4.80378 33.11400 -4.77650 5.24402 8.86625 -4.34376 3.04433 -6.99921 3.65981 9.46511 -32.44990 -15.01250 18.07800 26.96950 -2.69419 5.70066 17.33860 -0.00000 0.00000 0.00000 -71.15636 -4.50258 56.74375 58.96758 -56.02849 -33.48347 0.00000 -0.00000 -66.80790 -0.00000 0.00000 0.00000 94.84181 17.30210 84.74429 -52.89006 54.09663 -28.49901 -0.00000 0.00000 -30.71530
0.00000 0.83881 0.00000 -163.75430 76.20100 -141.51090 0.00000 -0.00000 0.00000 -7.86154 -6.93637 -63.43349 13.63360 18.99912 71.08231 1.86824 -8.13682 -24.51229 0.00898 -0.61201 -1.68179 0.00000 -0.00000 0.00000 10.80584 -9.32885 -47.14511 -10.81883 -17.84529 62.19183 -2.04492 -5.92503 -29.65488 -1.03120 6.45922 -18.12279 -5.30181 5.02301 32.83750 -5.01372 5.39706 8.85616 -4.40137 3.12276 -6.90050 3.92035 9.76685 -32.88190 -14.49190 18.35190 27.71340 -2.45093 5.81976 17.78180 -0.00000 -0.00000 0.00000 -68.69476 -5.07234 58.99040 61.13695 -56.60536 -35.28873 0.00000 -0.00000 -67.11300 -0.00000 -0.00000 0.00000 95.80580 16.85874 82.80961 -49.56107 52.81693 -25.82404 -0.00000 0.00000 -43.73060
0.00000 0.84325 0.00000 -161.20140 76.81600 -137.78380 0.00000 -0.00000 0.00000 -8.05144 -6.67697 -63.49918 13.47375 18.94659 70.59066 1.96148 -8.19981 -25.13201 0.03841 -1.26492 -3.47805 0.00000 -0.00000 0.00000 10.92272 -8.55189 -47.31192 -10.41080 -17.63447 60.85276 -1.90572 -6.03608 -28.81588 -1.04939 6.51419 -18.28385 -6.13832 5.48479 31.92850 -5.15190 5.82690 9.18088 -4.16428 3.33021 -6.21333 2.71335 8.86841 -33.78660 -13.07140 16.93900 27.69290 -2.00187 5.27426 17.41570 -0.00000 0.00000 0.00000 -67.35610 -5.70550 60.24879 63.05461 -57.07044 -36.89411 0.00000 -0.00000 -66.51250 -0.00000 0.00000 0.00000 96.94334 18.04475 80.02507 -44.98594 50.76159 -22.22787 -0.00000 0.00000 -54.16600
0.00000 0.84556 0.00000 -158.82440 78.11400 -134.56730 0.00000 -0.00000 0.00000 -8.29951 -6.46702 -63.52707 13.42589 18.93057 70.44319 2.09789 -7.66922 -26.03743 0.06265 -1.61506 -4.44296 0.00000 -0.00000 0.00000 10.40933 -7.35029 -48.82785 -10.32314 -17.58760 60.56303 -1.77716 -4.64979 -27.20719 -0.97539 6.28721 -17.62006 -6.25494 5.51612 31.14630 -5.03106 5.82387 9.31626 -4.19197 3.27044 -6.35615 1.09689 6.60653 -34.08480 -12.04610 13.65080 26.23200 -2.10891 4.01099 16.13830 0.00000 -0.00000 0.00000 -67.73014 -4.98713 60.43190 62.10855 -56.84611 -36.10104 0.00000 -0.00000 -66.19930 0.00000 -0.00000 0.00000 96.56279 19.27874 79.94096 -41.24888 48.79264 -19.37363 -0.00000 0.00000 -57.14480
0.00000 0.84749 0.00000 -159.14930 77.40300 -134.57900 0.00000 -0.00000 0.00000 -7.48360 -7.62005 -62.84080 13.35596 18.90693 70.22751 2.17259 -6.78418 -26.57171 0.05998 -1.58026 -4.34699 0.00000 -0.00000 0.00000 11.55041 -9.07531 -47.54366 -9.76244 -17.27408 58.69139 -1.79424 -5.40417 -27.72336 -1.72281 8.26313 -23.51620 -4.97044 5.00057 30.42360 -4.41318 5.51716 8.78864 -4.07325 3.07547 -6.61868 -5.66376 -1.28334 -34.00930 -4.43206 2.67549 23.10720 -0.30445 -0.00757 13.42770 0.00000 -0.00000 0.00000 -68.64069 -4.19924 60.55800 60.22169 -56.36872 -34.52561 0.00000 -0.00000 -66.41770 0.00000 -0.00000 0.00000 96.42473 18.28095 80.88603 -39.52308 47.78479 -18.08522 -0.00000 0.00000 -59.27360
0.00000 0.85154 0.00000 -161.26170 75.83600 -137.63820 0.00000 -0.00000 0.00000 -6.21035 -10.38306 -58.52873 12.70910 18.67460 68.21952 2.52908 -5.80280 -28.87460 0.06707 -1.67092 -4.59706 0.00000 -0.00000 0.00000 13.45643 -11.80692 -45.64051 -9.54057 -17.14327 57.94146 -1.85381 -6.87219 -28.95358 -1.45260 7.61826 -21.56047 -4.77414 5.28074 29.37840 -4.01936 5.95779 8.33973 -3.82582 3.25829 -6.66248 -11.34220 -8.23763 -31.91260 6.36989 -7.97955 20.98820 2.69559 -3.55774 12.96390 -0.00000 0.00000 0.00000 -70.72564 -5.09200 62.63022 54.99374 -54.82120 -30.21087 0.00000 -0.00000 -65.44260 -0.00000 0.00000 0.00000 96.29603 17.28661 80.16307 -36.12462 45.59868 -15.61145 -0.00000 0.00000 -62.32020
0.00000 0.85321 0.00000 -164.87320 74.07900 -142.10910 0.00000 -0.00000 0.00000 -5.73907 -11.89445 -55.47120 12.35504 18.53673 67.10982 2.71160 -6.31676 -29.88746 0.09602 -1.99839 -5.50120 0.00000 -0.00000 0.00000 11.96771 -11.92635 -50.13159 -12.68085 -18.66388 68.13126 -0.43931 -11.11573 -21.04544 -1.50772 7.75506 -21.97256 -6.41597 5.22525 27.36340 -4.01773 5.60844 8.19965 -2.60004 3.09477 -6.00092 -11.55790 -10.19070 -32.35960 9.35667 -11.67910 22.65180 3.10775 -4.71644 14.38360 0.00000 0.00000 0.00000 -70.61098 -5.55956 63.66561 52.42219 -53.92689 -28.12044 0.00000 -0.00000 -65.24590 0.00000 0.00000 0.00000 96.04547 18.20622 82.18539 -33.45193 43.67454 -13.73317 -0.00000 0.00000 -66.17890
0.00000 0.85220 0.00000 -170.20447 72.52300 -148.47160 0.00000 -0.00000 0.00000 -6.32572 -11.85565 -52.56091 12.06465 18.41784 66.19358 2.79403 -7.15955 -30.27410 0.16692 -2.63212 -7.25615 0.00000 -0.00000 0.00000 8.98370 -9.72334 -53.38143 -13.21838 -18.85959 69.80241 -0.51113 -8.77038 -19.43732 -1.19173 6.92725 -19.50003 -7.87693 5.44020 27.78600 -4.01224 5.46909 8.02024 -1.79311 3.04663 -6.50729 -12.90570 -11.47980 -32.47220 11.06840 -13.56960 23.90140 3.58866 -5.35490 15.49340 -0.00000 0.00000 0.00000 -69.36153 -6.02185 66.07611 50.66408 -53.25984 -26.70540 0.00000 -0.00000 -66.33160 -0.00000 0.00000 0.00000 96.62607 18.89180 84.45680 -31.71980 42.32265 -12.55176 -0.00000 0.00000 -65.78980
0.00000 0.85328 0.00000 -175.27367 70.42200 -153.99350 0.00000 -0.00000 0.00000 -6.66315 -11.37112 -50.29689 11.59540 18.21433 64.70046 2.72566 -8.42104 -29.79464 0.22529 -3.05525 -8.43260 0.00000 -0.00000 0.00000 3.82275 -4.38647 -55.43805 -10.56341 -17.71473 61.35541 -0.68151 -4.05407 -17.58894 -1.00154 6.36846 -17.85731 -7.43328 5.09954 30.37720 -3.81464 4.93373 7.88118 -1.87684 2.82276 -7.86877 -12.53180 -11.44010 -32.35870 10.11360 -13.34290 23.61790 3.17671 -5.37728 15.17310 -0.00000 -0.00000 0.00000 -69.18977 -4.39518 66.41571 50.32614 -53.12619 -26.43483 0.00000 -0.00000 -67.49230 -0.00000 -0.00000 0.00000 96.06204 19.48681 86.83209 -31.59926 42.22535 -12.47067 -0.00000 0.00000 -64.75490
0.00000 0.85517 0.00000 -179.58706 67.87700 -158.68900 0.00000 -0.00000 0.00000 -6.60914 -10.58820 -47.79017 10.90635 17.88896 62.47710 2.58390 -9.08404 -28.95259 0.48049 -4.44515 -12.33253 0.00000 -0.00000 0.00000 -2.86350 1.24174 -55.77557 -7.20956 -15.50585 49.66250 -0.35630 -1.76596 -12.05973 -1.20621 6.96770 -19.61971 -5.51594 4.07592 34.10780 -2.96317 4.05545 7.44469 -1.81537 2.44303 -9.11249 -11.05650 -10.37450 -31.95350 7.54048 -11.67000 23.45840 2.29901 -4.93544 14.45980 -0.00000 0.00000 0.00000 -70.87200 -2.60425 64.46547 48.83699 -52.51553 -25.24831 0.00000 -0.00000 -68.60540 -0.00000 0.00000 0.00000 97.55610 18.95343 86.16064 -31.12293 41.83666 -12.15175 -0.00000 0.00000 -62.08410
0.00000 0.85107 0.00000 174.38879 64.63600 -164.95930 0.00000 -0.00000 0.00000 -6.49439 -10.43581 -45.27412 10.40836 17.63317 60.84469 2.47246 -9.87962 -28.29195 1.00233 -6.37090 -17.86444 0.00000 -0.00000 0.00000 -7.30208 2.97020 -57.19800 -5.99514 -14.42363 44.96221 -0.00264 -4.27547 -6.20488 -0.62849 5.07277 -14.11624 -3.76520 2.73272 36.41050 -0.76916 3.44671 8.99981 -0.23767 2.22198 -8.17674 -8.81755 -8.51779 -33.25780 1.96986 -8.04782 22.94930 0.50393 -3.98737 13.66270 0.00000 -0.00000 0.00000 -75.92572 -2.78011 59.82046 47.53503 -51.95163 -24.21906 0.00000 -0.00000 -68.38360 0.00000 -0.00000 0.00000 97.41725 20.21576 85.97735 -30.29900 41.14831 -11.60587 -0.00000 0.00000 -59.49770
0.00000 0.83897 0.00000 170.14202 62.11600 -169.69240 0.00000 -0.00000 0.00000 -5.28019 -10.45006 -42.72007 10.32233 17.58717 60.56034 2.56308 -8.40262 -28.85559 1.59170 -7.95812 -22.58695 0.00000 -0.00000 0.00000 -6.16785 1.91848 -59.54202 -8.45401 -16.44324 54.18200 -0.19839 -2.60260 -9.78928 -0.36527 3.88229 -10.74575 -2.25377 1.65752 38.69720 0.36702 2.95340 9.56255 0.29810 2.05025 -8.34415 -5.08142 -5.36975 -33.25870 -3.14304 -3.73371 24.63300 -1.23137 -2.54577 13.92830 0.00000 -0.00000 0.00000 -78.35112 -2.06192 56.24144 47.89340 -52.10972 -24.50158 0.00000 -0.00000 -68.47400 0.00000 -0.00000 0.00000 97.57688 22.12837 87.76899 -29.57041 40.52232 -11.12944 -0.00000 0.00000 -59.93500
0.00000 0.83923 0.00000 167.32080 62.49300 -172.02683 0.00000 -0.00000 0.00000 -5.72785 -9.01406 -39.80504 9.69923 17.23722 58.47831 2.83525 -2.04297 -31.36962 1.64719 -8.08892 -22.98448 0.00000 -0.00000 0.00000 -3.65694 1.69693 -61.85046 -10.02720 -17.42512 59.57923 -0.61378 0.82717 -14.54029 -0.24421 3.18009 -8.78054 -1.62035 1.31659 39.63260 0.21193 2.79629 9.66408 -0.16024 1.99835 -8.50651 -2.72744 -1.92321 -33.72040 -7.21049 1.71215 27.44250 -2.21499 -0.62636 15.34490 -0.00000 -0.00000 0.00000 -78.02568 -2.07114 55.98829 46.76334 -51.60366 -23.61280 0.00000 -0.00000 -68.01630 -0.00000 -0.00000 0.00000 98.83844 22.59163 87.87818 -27.24214 38.40912 -9.64918 -0.00000 0.00000 -59.15820
0.00000 0.84887 0.00000 167.13720 61.98000 -171.38728 0.00000 -0.00000 0.00000 -7.00461 -6.88788 -39.74860 9.09945 16.87129 56.43343 2.29295 8.09722 -32.39603 2.56453 -9.95430 -28.82886 0.00000 -0.00000 0.00000 -0.71283 2.81131 -61.10671 -10.25124 -17.54873 60.32483 -0.84282 1.17298 -16.99124 -0.19424 2.83818 -7.82854 -1.63430 1.60204 38.91250 -0.11153 3.10007 9.69850 -0.59201 2.13974 -8.22051 -2.04221 0.25368 -35.03170 -9.37002 5.68698 28.89540 -2.42806 0.71689 16.61800 0.00000 -0.00000 0.00000 -75.54192 -3.02927 58.34222 46.70142 -51.57529 -23.56428 0.00000 -0.00000 -68.80080 0.00000 -0.00000 0.00000 99.75628 22.82689 87.23435 -25.33499 36.54442 -8.48857 -0.00000 0.00000 -56.91070
0.00000 0.85647 0.00000 167.01160 58.78000 -171.16173 0.00000 -0.00000 0.00000 -8.23575 -7.49777 -41.34939 8.73002 16.63081 55.15168 2.20684 5.06715 -30.22662 1.88575 -8.62394 -24.62585 0.00000 -0.00000 0.00000 0.61615 2.85175 -58.73148 -10.31102 -17.58108 60.52291 -1.13956 0.49789 -20.02657 -0.09103 1.94587 -5.35610 -1.54662 1.68791 37.69320 -1.32919 3.15242 9.63634 -1.90791 2.20338 -7.81541 -3.10122 -0.19214 -36.08260 -6.49987 4.45825 29.04240 -1.28913 0.47996 16.65180 -0.00000 0.00000 0.00000 -74.31212 -4.18832 58.90773 46.51033 -51.48729 -23.41467 0.00000 -0.00000 -66.55170 -0.00000 0.00000 0.00000 99.48832 23.60008 88.72740 -25.26618 36.47482 -8.44763 -0.00000 0.00000 -57.51850
0.00000 0.86079 0.00000 170.24429 55.13000 -168.61780 0.00000 -0.00000 0.00000 -8.83517 -6.65956 -46.28463 9.27684 16.98261 57.04269 1.95431 1.92986 -27.17525 1.65309 -8.10268 -23.02638 0.00000 -0.00000 0.00000 4.01244 2.34226 -55.86318 -10.25785 -17.55232 60.34674 -1.47671 -0.49656 -23.16756 -0.10009 2.04023 -5.61684 -1.46160 2.66830 36.81960 -2.14343 4.39064 9.58132 -3.24805 2.82253 -7.49069 -6.15291 -3.73336 -36.32240 -1.42694 -1.07185 27.92790 0.13858 -1.32219 16.00030 0.00000 -0.00000 0.00000 -72.21306 -5.33382 60.13796 49.78591 -52.90879 -26.00328 0.00000 -0.00000 -65.40990 0.00000 -0.00000 0.00000 98.18992 24.50379 89.14121 -26.47173 37.67073 -9.17443 -0.00000 0.00000 -58.31250
0.00000 0.85840 0.00000 174.10460 51.67300 -165.42500 0.00000 -0.00000 0.00000 -7.20953 -9.14066 -49.36404 10.06311 17.44519 59.69909 1.88089 1.75592 -26.60487 1.20515 -6.96477 -19.61103 0.00000 -0.00000 0.00000 8.18945 -0.45504 -54.88027 -10.46712 -17.66429 61.03851 -1.78957 -0.42599 -25.47113 -0.11896 2.22360 -6.12401 -2.13405 2.85167 35.60400 -3.17555 4.24426 8.95391 -3.90853 2.74598 -7.72134 -10.63830 -7.90941 -33.30590 6.39741 -7.84018 24.05840 2.64145 -3.40542 14.46430 0.00000 0.00000 0.00000 -71.04597 -5.20848 60.08180 52.36670 -53.90655 -28.07559 0.00000 -0.00000 -64.17450 0.00000 0.00000 0.00000 97.64012 24.56799 92.12533 -28.07847 39.18838 -10.17323 -0.00000 0.00000 -60.73990
0.00000 0.85103 0.00000 177.73694 50.24200 -162.93270 0.00000 -0.00000 0.00000 -3.63774 -10.84633 -47.97107 10.58299 17.72490 61.41972 2.12398 2.98776 -28.73477 1.63569 -8.06202 -22.90262 0.00000 -0.00000 0.00000 10.32218 -2.49399 -56.28891 -12.13751 -18.44817 66.42401 -1.62754 2.23827 -23.51210 -0.27786 3.39041 -9.36764 -5.30554 3.94676 33.27410 -3.76406 4.55907 8.69106 -2.85020 2.88511 -7.34992 -13.24330 -11.34840 -29.97890 13.05550 -13.90810 21.19320 4.37646 -5.39293 14.13630 -0.00000 0.00000 0.00000 -70.31189 -4.35679 60.93787 52.84631 -54.08089 -28.46358 0.00000 -0.00000 -63.57890 -0.00000 0.00000 0.00000 96.60546 25.63422 94.73011 -28.42175 39.50161 -10.39087 -0.00000 0.00000 -60.39070
0.00000 0.84506 0.00000 -179.67780 50.42400 -161.49030 0.00000 -0.00000 0.00000 -2.24996 -9.58785 -46.82983 11.07615 17.97215 63.02864 2.42377 2.23972 -30.30110 1.76263 -8.35308 -23.79174 0.00000 -0.00000 0.00000 8.45790 -4.59588 -61.07234 -14.85388 -19.35285 74.79616 -0.29262 7.97928 -10.39621 -0.58864 4.91221 -13.65834 -7.20672 4.81175 32.58150 -4.32814 5.06945 8.59535 -2.59695 3.14510 -7.21062 -15.90520 -14.04330 -27.24150 16.68190 -17.87090 18.65800 5.25712 -7.02306 13.96160 -0.00000 0.00000 0.00000 -68.33794 -3.96814 62.53252 54.20354 -54.55630 -29.56605 0.00000 -0.00000 -66.59340 -0.00000 0.00000 0.00000 96.78167 27.85538 97.28824 -28.64360 39.70202 -10.53228 -0.00000 0.00000 -58.23920
0.00000 0.84204 0.00000 -179.04484 51.02100 -161.38510 0.00000 -0.00000 0.00000 -1.97409 -7.70132 -45.00117 11.19665 18.02998 63.41854 2.67824 1.38531 -31.49353 1.88042 -8.61243 -24.59029 0.00000 -0.00000 0.00000 4.19818 -2.30173 -61.71911 -12.19955 -18.47373 66.61994 -0.40952 4.30421 -11.38240 -0.59077 4.92095 -13.68324 -7.43189 5.33042 33.61730 -4.54154 5.51194 8.34950 -2.96688 3.36653 -7.85778 -16.42810 -14.72900 -27.36140 15.98970 -18.40440 18.49690 4.89923 -7.37939 13.96120 0.00000 -0.00000 0.00000 -67.34718 -3.63632 63.77023 54.89831 -54.78966 -30.13289 0.00000 -0.00000 -69.91150 0.00000 -0.00000 0.00000 98.59510 27.97884 97.45722 -27.55472 38.70307 -9.84401 -0.00000 0.00000 -58.45890
0.00000 0.83450 0.00000 179.65399 52.44900 -162.18140 0.00000 -0.00000 0.00000 -2.44516 -7.19745 -43.27902 11.38061 18.11635 64.01152 2.98403 3.07702 -33.85376 2.12722 -9.12619 -26.19087 0.00000 -0.00000 0.00000 -2.48525 3.07298 -61.91708 -7.62808 -15.83877 51.21170 -0.06763 -1.69581 -5.84591 -0.34975 3.79980 -10.51411 -6.72225 4.52677 34.80290 -4.00659 4.69558 8.55851 -2.55527 2.97948 -7.95478 -15.78350 -14.01050 -30.46080 12.31640 -16.16600 20.30520 3.84480 -6.66693 14.32160 -0.00000 -0.00000 0.00000 -69.19609 -2.43561 61.27506 54.45788 -54.64250 -29.77336 0.00000 -0.00000 -71.70330 -0.00000 -0.00000 0.00000 99.36228 27.75040 97.98808 -26.79889 37.98673 -9.37508 -0.00000 0.00000 -60.60440
0.00000 0.81545 0.00000 176.36151 52.25800 -165.48970 0.00000 -0.00000 0.00000 -2.53151 -6.09695 -41.17918 11.88527 18.34173 65.62470 3.36473 1.99216 -35.47421 2.95493 -10.62174 -31.01453 0.00000 -0.00000 0.00000 -5.02386 3.29050 -65.41897 -7.93582 -16.07184 52.33118 0.06888 -4.75539 -2.79569 -0.16891 2.64769 -7.29939 -4.31668 3.35536 38.17890 -3.74027 4.04422 8.90366 -3.45528 2.72902 -8.70725 -10.91120 -10.72270 -32.66790 3.45610 -10.65230 23.29230 0.83556 -5.07528 14.08830 0.00000 -0.00000 0.00000 -69.49533 -2.77992 59.38260 55.88558 -55.10997 -30.94113 0.00000 -0.00000 -77.80790 0.00000 -0.00000 0.00000 101.63391 27.58786 97.79615 -25.45346 36.66389 -8.55922 -0.00000 0.00000 -63.89520
0.00000 0.79033 0.00000 172.58865 50.83400 -168.59810 0.00000 -0.00000 0.00000 -1.50306 -5.16583 -40.33647 12.53383 18.60731 67.67119 3.44872 1.80890 -35.84393 3.45184 -11.39286 -33.61656 0.00000 -0.00000 0.00000 -4.80636 1.18456 -70.97211 -11.56452 -18.20043 64.60164 -0.18683 -0.23144 -8.25094 -0.03741 1.24836 -3.43244 -2.55518 2.41288 41.63750 -2.82352 3.84986 9.70974 -3.44733 2.73719 -8.91298 -6.37669 -6.33083 -34.79260 -4.82287 -3.31489 27.35960 -1.76201 -2.75062 15.45960 -0.00000 -0.00000 0.00000 -70.86712 -4.00665 57.78727 53.47193 -54.30329 -28.97095 0.00000 -0.00000 -76.07840 -0.00000 -0.00000 0.00000 101.36921 30.88304 100.37730 -25.44025 36.65059 -8.55133 -0.00000 0.00000 -66.09030
0.00000 0.77981 0.00000 170.80271 50.38500 -167.19560 0.00000 -0.00000 0.00000 0.11940 -5.89167 -39.86600 11.95811 18.37288 65.85597 3.39427 5.94920 -37.22698 3.15697 -10.94492 -32.09436 0.00000 -0.00000 0.00000 -3.30652 1.16211 -76.60896 -14.08648 -19.14006 72.46842 -0.49758 2.61821 -12.68307 -0.00127 0.23054 -0.63343 -1.12545 1.95915 42.19810 -2.70180 4.05551 10.39390 -4.12345 2.89210 -8.26476 -3.92495 -3.81865 -35.51490 -7.99668 0.41294 28.44650 -2.73474 -1.42050 16.16240 -0.00000 0.00000 0.00000 -72.04403 -4.33508 56.00493 53.88739 -54.44789 -29.30865 0.00000 -0.00000 -72.86190 -0.00000 0.00000 0.00000 100.30972 34.39707 104.72411 -25.96869 37.17778 -8.86872 -0.00000 0.00000 -69.12060
0.00000 0.77737 0.00000 168.50040 49.91500 -166.79540 0.00000 -0.00000 0.00000 0.53547 -7.60577 -37.08895 10.54124 17.70317 61.28251 3.13372 12.52451 -39.52791 3.56506 -11.55796 -34.18561 0.00000 -0.00000 0.00000 -2.87327 2.82259 -78.95312 -15.71411 -19.55378 77.37874 -0.92511 3.14099 -17.39107 -0.01079 -0.67071 1.84316 -1.29515 1.63180 42.35480 -2.53838 3.67794 10.69690 -3.69642 2.74085 -8.00251 -4.05238 -4.09915 -35.54310 -8.36650 -0.04776 25.97360 -2.86461 -1.63697 15.00650 0.00000 0.00000 0.00000 -72.50534 -3.66421 55.22533 53.29963 -54.24260 -28.83107 0.00000 -0.00000 -72.56960 0.00000 0.00000 0.00000 99.52634 34.33873 106.33278 -26.35658 37.55866 -9.10415 -0.00000 0.00000 -70.16930
0.00000 0.77662 0.00000 166.55140 50.44900 -168.11160 0.00000 -0.00000 0.00000 -1.12244 -5.66019 -34.96471 9.83516 17.31611 58.93600 2.92208 14.03469 -39.51341 3.04609 -10.76929 -31.50571 0.00000 -0.00000 0.00000 -2.41693 4.09977 -78.28339 -16.59361 -19.71949 79.99549 -1.24368 4.98004 -20.02351 -0.06626 -1.66077 4.56905 -1.84906 1.32614 42.26400 -2.02112 3.01673 10.36760 -2.59765 2.37495 -8.40933 -9.94725 -9.79409 -31.40840 -2.95275 -7.68201 16.87970 -0.91187 -4.43305 10.76600 0.00000 0.00000 0.00000 -73.80600 -2.02209 53.89946 51.56559 -53.60774 -27.42948 0.00000 -0.00000 -71.88270 0.00000 0.00000 0.00000 100.84129 33.94435 110.58638 -25.49373 36.70439 -8.58327 -0.00000 0.00000 -69.65230
0.00000 0.78474 0.00000 164.35220 50.16500 -171.21554 0.00000 -0.00000 0.00000 -4.37980 -3.16053 -35.12995 9.84403 17.32121 58.96580 2.77594 11.81018 -37.32096 2.82621 -10.40827 -30.30920 0.00000 -0.00000 0.00000 -2.67083 5.39256 -73.56913 -16.56796 -19.71522 79.91946 -1.71850 4.57822 -23.74060 -0.00001 0.02007 -0.05514 -0.64484 1.18490 42.73810 -3.00752 3.16089 9.86959 -4.38328 2.44381 -9.03759 -14.85600 -16.44590 -24.41040 8.57786 -18.25300 6.44564 2.36799 -8.27134 7.83833 -0.00000 -0.00000 0.00000 -71.88162 -1.16687 55.45417 51.75924 -53.68085 -27.58544 0.00000 -0.00000 -71.98910 -0.00000 -0.00000 0.00000 101.28903 33.42192 109.32364 -25.38754 36.59748 -8.51989 -0.00000 0.00000 -69.01680
0.00000 0.79672 0.00000 164.52160 49.27700 -172.77933 0.00000 -0.00000 0.00000 -6.00851 -1.77663 -37.99680 10.34162 17.59753 60.62415 2.51368 10.76962 -35.28323 3.23661 -11.06857 -32.51147 0.00000 -0.00000 0.00000 -1.52349 6.78747 -67.98358 -16.00859 -19.61367 78.25730 -2.14134 2.29133 -27.07917 -0.26286 3.29835 -9.11052 -1.21669 1.70235 42.17720 -2.66293 3.49007 9.40882 -3.85648 2.54318 -9.40511 -18.60510 -18.04990 -21.80080 14.69820 -20.57110 3.01613 4.52984 -9.03678 7.70007 0.00000 -0.00000 0.00000 -72.68396 -2.05268 55.78692 50.54808 -53.21417 -26.61248 0.00000 -0.00000 -71.14020 0.00000 -0.00000 0.00000 98.97970 32.05705 107.35195 -26.47907 37.67787 -9.17892 -0.00000 0.00000 -67.33550
0.00000 0.80199 0.00000 166.91720 48.41800 -172.95048 0.00000 -0.00000 0.00000 -6.47307 -0.91593 -43.57656 11.91482 18.35441 65.71857 2.50938 8.02360 -33.59509 2.99451 -10.68615 -31.22858 0.00000 -0.00000 0.00000 1.38690 6.43181 -63.44968 -15.66181 -19.54267 77.22245 -2.34927 2.55833 -28.34542 -0.12955 2.32008 -6.39110 -1.45561 2.09384 41.61400 -2.83730 3.80620 9.10085 -4.04668 2.67166 -9.56646 -19.92130 -18.32330 -21.47940 17.65930 -21.21490 3.07328 5.50388 -9.15974 8.34125 -0.00000 -0.00000 0.00000 -71.88825 -1.67166 55.64093 54.04229 -54.50118 -29.43472 0.00000 -0.00000 -70.20520 -0.00000 -0.00000 0.00000 97.00438 31.75415 105.51976 -28.68949 39.74328 -10.56161 -0.00000 0.00000 -66.15660
0.00000 0.79766 0.00000 170.58609 48.66600 -172.17319 0.00000 -0.00000 0.00000 -4.70768 -2.47795 -45.54279 13.14365 18.83341 69.57106 2.37501 9.98067 -34.01869 2.59839 -10.01465 -29.02418 0.00000 -0.00000 0.00000 4.57475 4.66857 -61.88625 -16.21773 -19.65350 78.87974 -2.19540 5.52714 -26.84540 -0.00727 0.55044 -1.51254 -2.78398 2.69430 39.84220 -2.95346 3.92722 8.83362 -3.46064 2.69730 -9.34114 -20.63290 -18.28280 -20.42570 20.00340 -21.61650 2.84733 6.31621 -9.26102 8.62748 -0.00000 0.00000 0.00000 -71.41605 -1.57535 56.15376 53.00576 -54.13811 -28.59276 0.00000 -0.00000 -67.40440 -0.00000 0.00000 0.00000 96.82042 31.76251 105.31123 -30.08865 40.96926 -11.46770 -0.00000 0.00000 -65.94020
0.00000 0.78459 0.00000 172.70776 50.95600 -171.58506 0.00000 -0.00000 0.00000 -3.16463 -3.19527 -43.15428 13.99439 19.11234 72.18735 2.88538 9.75058 -36.61335 2.31798 -9.49918 -27.36967 0.00000 -0.00000 0.00000 4.97210 1.48431 -65.82594 -18.53600 -19.94853 85.71602 -1.02563 10.67137 -18.46982 -0.00052 -0.14756 0.40543 -4.85442 3.58425 36.73070 -3.52948 4.03905 8.10536 -2.91326 2.66912 -9.13478 -19.54990 -17.81720 -20.84220 20.48140 -21.81390 5.63179 6.23564 -9.24866 9.65585 0.00000 0.00000 0.00000 -71.69346 -0.65386 57.31240 50.19313 -53.07310 -26.32847 0.00000 -0.00000 -69.12160 0.00000 0.00000 0.00000 100.12376 30.27484 103.63112 -25.90503 37.11478 -8.83028 -0.00000 0.00000 -63.46580
0.00000 0.77558 0.00000 172.91958 53.26100 -172.17289 0.00000 -0.00000 0.00000 -3.43935 -0.38518 -42.23361 14.56146 19.27556 73.91208 3.27672 8.95713 -38.13621 2.17858 -9.22856 -26.51292 0.00000 -0.00000 0.00000 2.12214 -2.17791 -71.27780 -20.11108 -19.99970 90.32479 0.47094 15.93856 -5.30977 -0.02848 1.08938 -2.99477 -6.41373 4.70872 34.68750 -2.59670 5.10825 8.54118 -1.37206 3.13316 -8.04611 -18.88000 -17.67630 -22.53480 19.99310 -21.89960 8.38270 5.87157 -9.14227 10.76510 -0.00000 0.00000 0.00000 -72.25399 -2.09632 60.20295 48.00089 -52.15670 -24.58644 0.00000 -0.00000 -72.61260 -0.00000 0.00000 0.00000 102.72896 29.46129 98.95919 -22.95288 34.03724 -7.11190 -0.00000 0.00000 -58.28310
0.00000 0.77237 0.00000 172.08907 54.92100 -172.29279 0.00000 -0.00000 0.00000 -3.67460 3.34376 -42.19115 14.52266 19.26496 73.79449 3.49124 6.76774 -38.08674 2.34029 -9.54156 -27.50455 0.00000 -0.00000 0.00000 -1.32750 -2.17473 -73.55705 -16.81802 -19.75549 80.65999 -0.29676 7.53917 -10.31901 -0.44596 4.28464 -11.87885 -4.56370 4.42047 35.77290 -1.67822 5.39491 8.75899 -1.51976 3.23373 -8.20303 -17.85080 -17.62650 -24.89790 19.67740 -22.37400 12.10930 5.40646 -9.08239 12.47550 -0.00000 0.00000 0.00000 -73.38396 -2.99048 60.47330 44.25654 -50.39902 -21.66439 0.00000 -0.00000 -74.47910 -0.00000 0.00000 0.00000 104.45953 29.15486 97.87573 -21.44386 32.34279 -6.28572 -0.00000 0.00000 -55.76490
0.00000 0.76107 0.00000 169.20210 55.46200 -172.82049 0.00000 -0.00000 0.00000 -3.95470 4.33961 -43.26691 14.82670 19.34586 74.71415 3.44128 7.15221 -38.02489 3.13135 -10.90471 -31.95917 0.00000 -0.00000 0.00000 -4.53743 -1.18037 -77.16512 -14.64647 -19.29851 74.16944 -0.26533 -3.65776 -11.78099 -0.09386 1.97586 -5.43894 -1.82204 3.27910 38.45260 -0.16811 5.06268 8.79335 -1.36441 3.03574 -9.08708 -17.65330 -17.66080 -25.13340 20.04790 -22.73480 13.14250 5.41483 -9.15449 13.04160 -0.00000 0.00000 0.00000 -76.46124 -2.42726 58.35541 42.88064 -49.68693 -20.60968 0.00000 -0.00000 -74.60990 -0.00000 0.00000 0.00000 104.15314 29.21573 97.57410 -20.68392 31.45753 -5.88412 -0.00000 0.00000 -55.59740
0.00000 0.73955 0.00000 166.39660 56.04400 -174.09272 0.00000 -0.00000 0.00000 -2.70279 5.47331 -42.43862 15.00574 19.39117 75.25399 3.43494 7.19742 -38.01558 3.08886 -10.83753 -31.73390 0.00000 -0.00000 0.00000 -3.81662 -2.00649 -82.07706 -17.02466 -19.78641 81.27087 -0.57935 -1.40983 -14.95676 -0.21845 3.00883 -8.30335 0.53483 1.61735 41.53180 1.19619 4.34319 9.49595 -0.94221 2.74597 -9.27626 -16.58430 -17.03760 -26.06250 19.02230 -21.97780 14.29980 5.07199 -8.79497 13.20430 0.00000 -0.00000 0.00000 -79.57200 -1.91084 53.86148 43.23560 -49.87423 -20.88073 0.00000 -0.00000 -76.65640 0.00000 -0.00000 0.00000 103.91153 30.34925 100.02461 -20.82876 31.62792 -5.95989 -0.00000 0.00000 -54.95990
0.00000 0.72424 0.00000 162.69380 58.96500 -175.13035 0.00000 -0.00000 0.00000 -2.72491 6.17599 -40.65843 14.49556 19.25750 73.71235 3.31218 11.23633 -39.58936 2.14453 -9.16086 -26.29981 0.00000 -0.00000 0.00000 -3.79374 0.48475 -86.42068 -19.22730 -19.98568 87.74025 -1.11967 1.78430 -19.48738 -0.10724 2.11162 -5.81422 1.09318 1.27892 42.62010 2.03639 4.34953 10.02830 -0.34755 2.75068 -9.04010 -15.54090 -15.96710 -27.20620 16.32730 -20.21700 16.36440 4.36729 -8.15539 13.33770 0.00000 0.00000 0.00000 -81.60742 -1.86444 52.44979 42.16925 -49.30385 -20.06877 0.00000 -0.00000 -73.77970 0.00000 0.00000 0.00000 103.75440 31.57388 100.60474 -19.48023 30.01103 -5.26889 -0.00000 0.00000 -53.08260
0.00000 0.72278 0.00000 156.63500 61.94200 -178.43364 0.00000 -0.00000 0.00000 -5.19608 7.23259 -37.25964 12.95930 18.76742 68.99905 3.25034 13.61912 -40.76856 1.44270 -7.59338 -21.48567 0.00000 -0.00000 0.00000 -4.31559 2.31839 -88.17666 -20.24349 -19.99858 90.71193 -1.58489 4.67832 -22.74697 -0.02620 1.04489 -2.87234 1.77572 0.96113 41.74760 2.42326 4.16474 10.19820 -0.16598 2.62539 -8.58501 -13.65890 -14.70850 -30.16720 11.68090 -17.71830 19.02990 2.87716 -7.31104 13.67500 -0.00000 -0.00000 0.00000 -83.32469 -3.03203 52.46226 37.51032 -46.52370 -16.60933 0.00000 -0.00000 -71.85170 -0.00000 -0.00000 0.00000 105.50369 31.59310 102.08705 -16.63195 26.37002 -3.92246 -0.00000 0.00000 -53.44940
0.00000 0.73481 0.00000 151.76750 64.25000 177.49535 0.00000 -0.00000 0.00000 -7.68968 9.70080 -36.10878 12.15460 18.45524 66.47800 2.47294 15.16467 -38.14398 1.02125 -6.42891 -18.03410 0.00000 -0.00000 0.00000 -5.28919 6.17812 -85.01812 -20.12233 -19.99964 90.35767 -2.09296 4.94261 -26.25941 -0.00400 0.40829 -1.12186 2.57254 1.20319 41.76520 2.88731 4.73608 9.94243 -0.32203 2.82208 -8.86676 -11.67530 -12.57850 -32.54050 5.81863 -13.55910 20.70290 1.24682 -6.06667 13.45860 -0.00000 0.00000 0.00000 -84.08801 -3.61880 53.83923 35.82564 -45.39277 -15.39823 0.00000 -0.00000 -72.66390 -0.00000 0.00000 0.00000 106.74787 31.25706 102.11689 -14.73148 23.77071 -3.11690 -0.00000 0.00000 -50.89460
0.00000 0.75520 0.00000 151.92730 63.13700 176.83495 0.00000 -0.00000 0.00000 -7.94284 8.23203 -38.94318 12.06072 18.41620 66.18116 2.16422 12.36646 -34.46125 1.88198 -8.61579 -24.60067 0.00000 -0.00000 0.00000 -4.57373 8.63075 -78.38855 -19.23821 -19.98608 87.77217 -2.60594 2.80040 -29.85526 -0.00795 0.57577 -1.58217 4.48477 0.69024 42.39720 2.79451 4.95477 9.68599 -1.51380 2.90893 -9.19104 -10.77130 -10.69300 -32.80550 3.04483 -10.39720 19.83690 0.76610 -5.01317 12.61480 -0.00000 -0.00000 0.00000 -83.20181 -4.42599 55.21619 36.95784 -46.16060 -16.20962 0.00000 -0.00000 -71.45390 -0.00000 -0.00000 0.00000 107.58423 31.67673 98.06891 -13.95428 22.66931 -2.81046 -0.00000 0.00000 -44.79600
0.00000 0.77979 0.00000 152.15810 60.00000 176.10417 0.00000 -0.00000 0.00000 -9.16462 3.33562 -44.29599 11.47653 18.16049 64.31962 1.87520 11.19912 -31.94357 2.69163 -10.17829 -29.55604 0.00000 -0.00000 0.00000 -3.61904 7.73213 -71.24630 -17.87877 -19.89177 83.78719 -2.95032 0.89384 -32.32279 -0.02904 1.10007 -3.02418 4.67657 -0.04217 41.91040 1.79772 4.06501 9.83377 -2.28974 2.58050 -8.81980 -10.64340 -10.46900 -33.24360 2.41538 -9.89818 20.40410 0.58805 -4.86541 12.83780 0.00000 0.00000 0.00000 -81.42891 -4.50403 54.40902 42.00666 -49.21484 -19.94558 0.00000 -0.00000 -69.52340 0.00000 0.00000 0.00000 103.84156 33.72602 101.11826 -17.86450 27.98331 -4.48548 -0.00000 0.00000 -46.06400
0.00000 0.79808 0.00000 153.59780 59.67300 177.06653 0.00000 -0.00000 0.00000 -9.32181 -0.53494 -51.44795 11.25076 18.05563 63.59326 1.56956 7.71985 -27.55337 3.34167 -11.22861 -33.05482 0.00000 -0.00000 0.00000 -1.67189 6.82649 -66.70236 -16.59486 -19.71970 79.99920 -3.04312 0.67009 -32.90132 -0.01599 0.81643 -2.24384 4.40489 -0.02775 40.53830 0.13630 3.64529 9.96373 -3.70836 2.44257 -8.18898 -11.32330 -10.68010 -32.88730 2.75145 -9.97441 19.44540 0.83011 -4.89984 12.45560 0.00000 -0.00000 0.00000 -78.90389 -2.83989 52.64945 50.35934 -53.13940 -26.46139 0.00000 -0.00000 -64.46670 0.00000 -0.00000 0.00000 99.14578 34.59068 102.02977 -24.27051 35.44901 -7.86290 -0.00000 0.00000 -49.51630
0.00000 0.80789 0.00000 155.37680 60.68600 176.86782 0.00000 -0.00000 0.00000 -9.91843 -1.81860 -55.90469 11.22886 18.04527 63.52258 1.37838 2.53876 -23.22127 2.54965 -9.92762 -28.74266 0.00000 -0.00000 0.00000 0.46862 6.38260 -61.81213 -15.86418 -19.58486 77.82678 -3.25345 0.29571 -34.14936 -0.08247 1.85239 -5.09789 2.96579 0.48654 40.26280 -1.61385 3.51666 10.11950 -4.77116 2.45131 -7.92054 -12.03410 -11.26950 -32.18210 3.74718 -10.79240 17.88370 1.18829 -5.17258 11.88520 0.00000 0.00000 0.00000 -74.86537 -2.66303 52.36285 59.93635 -56.29295 -34.28814 0.00000 -0.00000 -65.09490 0.00000 0.00000 0.00000 98.16160 34.55117 101.33355 -29.50591 40.46611 -11.08756 -0.00000 0.00000 -51.83220
0.00000 0.80732 0.00000 160.91310 62.02900 179.47423 0.00000 -0.00000 0.00000 -7.67209 -3.50076 -56.66455 11.90165 18.34876 65.67674 1.25307 0.81073 -21.46705 1.65839 -8.11501 -23.06396 0.00000 -0.00000 0.00000 4.03700 5.22342 -57.30538 -15.88725 -19.58953 77.89559 -3.57755 0.49174 -35.78215 -0.19896 2.87230 -7.92342 1.82526 1.23260 39.46430 -2.49931 3.79831 9.81755 -5.22239 2.56729 -7.98592 -12.97480 -12.24470 -30.79640 5.99796 -12.45860 15.74310 1.88931 -5.69906 11.20260 -0.00000 -0.00000 0.00000 -72.21819 -2.39461 53.91246 63.57063 -57.18868 -37.32751 0.00000 -0.00000 -65.22660 -0.00000 -0.00000 0.00000 98.78113 33.80538 98.86734 -31.01041 41.74386 -12.07677 -0.00000 0.00000 -51.76250
0.00000 0.80259 0.00000 164.33620 64.38700 -179.75221 0.00000 -0.00000 0.00000 -5.92386 -6.05203 -51.71208 12.87895 18.73802 68.74910 1.81108 4.22828 -27.22777 2.08244 -9.03573 -25.90716 0.00000 -0.00000 0.00000 4.81907 3.00976 -55.25856 -17.02915 -19.78706 81.28414 -3.09635 4.46232 -32.32273 -0.31443 3.60469 -9.96709 -0.78983 2.43641 38.25830 -3.28224 4.10522 9.46702 -4.77820 2.68425 -8.02134 -13.55570 -12.71000 -30.73680 8.58357 -13.54150 15.18210 2.70212 -5.88930 11.35550 -0.00000 0.00000 0.00000 -71.97237 -3.22775 56.18081 59.72576 -56.23641 -34.11301 0.00000 -0.00000 -65.78210 -0.00000 0.00000 0.00000 100.35983 33.02439 96.17072 -27.74121 38.87690 -9.96084 -0.00000 0.00000 -53.87000
0.00000 0.79612 0.00000 167.36930 66.91300 -178.46096 0.00000 -0.00000 0.00000 -5.49934 -5.36846 -48.62711 13.93102 19.09298 71.99371 2.65882 3.44615 -32.18178 1.75851 -8.34385 -23.76342 0.00000 -0.00000 0.00000 2.33338 -0.40128 -60.92446 -20.17470 -19.99927 90.51080 -0.75854 9.25453 -15.87254 -0.62660 5.06528 -14.09484 -2.64410 3.70352 37.86560 -3.75538 4.90467 9.31243 -4.61380 3.05250 -8.05708 -12.70560 -12.61900 -30.91420 9.38352 -14.03500 15.55750 2.75834 -5.94963 11.60220 0.00000 0.00000 0.00000 -69.66119 -4.40200 59.87697 58.40048 -55.86843 -33.01361 0.00000 -0.00000 -67.03760 0.00000 0.00000 0.00000 102.63829 31.71438 92.01499 -25.48844 36.69907 -8.58011 -0.00000 0.00000 -52.99560
0.00000 0.78675 0.00000 168.64860 69.18200 -178.50372 0.00000 -0.00000 0.00000 -5.39178 -2.51003 -46.56194 14.70926 19.31520 74.35934 3.09604 3.54676 -34.64730 2.26486 -9.39725 -27.04606 0.00000 -0.00000 0.00000 -0.30505 -1.23310 -65.80672 -19.21366 -19.98517 87.70035 -0.47347 8.35910 -12.73953 -0.84587 5.86616 -16.39659 -3.58424 4.45418 38.60030 -3.54431 5.53315 9.64511 -4.17261 3.36645 -7.95692 -10.49750 -11.24020 -32.69080 5.08300 -11.81400 17.54440 1.24398 -5.32895 11.91470 0.00000 -0.00000 0.00000 -69.77554 -5.31460 60.79533 56.40993 -55.27482 -31.37166 0.00000 -0.00000 -69.03430 0.00000 -0.00000 0.00000 105.97594 31.19894 87.63334 -23.19969 34.30646 -7.25053 -0.00000 0.00000 -50.94950
